batch,candidate_commit,game,players,seed,seat,candidate_score,normal_score,margin_change,candidate_win_share,normal_win_share,candidate_rulings,normal_rulings,candidate_scores,normal_scores,candidate_camps,normal_camps
development-base,d1e697d,base,2,hard-camps-development-v1-0,0,147,147,0,0,0,0,0,"[147,159]","[147,159]","[{""round"":1,""playerId"":0,""cardId"":""camp_2_1"",""coordinate"":""A7""},{""round"":2,""playerId"":0,""cardId"":""camp_3_1"",""coordinate"":""C7""}]","[{""round"":1,""playerId"":0,""cardId"":""camp_2_1"",""coordinate"":""A7""},{""round"":2,""playerId"":0,""cardId"":""camp_3_1"",""coordinate"":""C7""}]"
development-base,d1e697d,base,2,hard-camps-development-v1-0,1,159,159,0,1,1,0,0,"[147,159]","[147,159]","[{""round"":1,""playerId"":1,""cardId"":""camp_4_1"",""coordinate"":""J10""},{""round"":1,""playerId"":1,""cardId"":""camp_5_1"",""coordinate"":""D10""}]","[{""round"":1,""playerId"":1,""cardId"":""camp_4_1"",""coordinate"":""J10""},{""round"":1,""playerId"":1,""cardId"":""camp_5_1"",""coordinate"":""D10""}]"
development-base,d1e697d,base,2,hard-camps-development-v1-1,0,128,129,-1,0,0,0,0,"[128,130]","[129,130]","[{""round"":3,""playerId"":0,""cardId"":""camp_6_1"",""coordinate"":""J7""}]","[{""round"":3,""playerId"":0,""cardId"":""camp_6_1"",""coordinate"":""J9""}]"
development-base,d1e697d,base,2,hard-camps-development-v1-1,1,130,130,0,1,1,0,0,"[129,130]","[129,130]","[{""round"":1,""playerId"":1,""cardId"":""camp_5_1"",""coordinate"":""I2""},{""round"":2,""playerId"":1,""cardId"":""camp_2_1"",""coordinate"":""D10""}]","[{""round"":1,""playerId"":1,""cardId"":""camp_5_1"",""coordinate"":""I2""},{""round"":2,""playerId"":1,""cardId"":""camp_2_1"",""coordinate"":""D10""}]"
development-base,d1e697d,base,3,hard-camps-development-v1-0,0,184,225,-42,0,1,0,0,"[184,208,212]","[225,207,211]","[{""round"":1,""playerId"":0,""cardId"":""camp_2_1"",""coordinate"":""F9""},{""round"":1,""playerId"":0,""cardId"":""camp_5_1"",""coordinate"":""E8""},{""round"":2,""playerId"":0,""cardId"":""camp_3_1"",""coordinate"":""J1""}]","[{""round"":1,""playerId"":0,""cardId"":""camp_2_1"",""coordinate"":""F9""},{""round"":1,""playerId"":0,""cardId"":""camp_5_1"",""coordinate"":""E8""},{""round"":2,""playerId"":0,""cardId"":""camp_3_1"",""coordinate"":""F10""}]"
development-base,d1e697d,base,3,hard-camps-development-v1-0,1,207,207,0,0,0,0,0,"[225,207,211]","[225,207,211]",[],[]
development-base,d1e697d,base,3,hard-camps-development-v1-0,2,211,211,0,0,0,0,0,"[225,207,211]","[225,207,211]","[{""round"":2,""playerId"":2,""cardId"":""camp_4_1"",""coordinate"":""B4""}]","[{""round"":2,""playerId"":2,""cardId"":""camp_4_1"",""coordinate"":""B4""}]"
development-base,d1e697d,base,3,hard-camps-development-v1-1,0,173,173,0,0,0,0,0,"[173,136,208]","[173,136,208]","[{""round"":4,""playerId"":0,""cardId"":""camp_6_1"",""coordinate"":""D4""}]","[{""round"":4,""playerId"":0,""cardId"":""camp_6_1"",""coordinate"":""D4""}]"
development-base,d1e697d,base,3,hard-camps-development-v1-1,1,136,136,0,0,0,0,0,"[173,136,208]","[173,136,208]","[{""round"":1,""playerId"":1,""cardId"":""camp_4_1"",""coordinate"":""I10""}]","[{""round"":1,""playerId"":1,""cardId"":""camp_4_1"",""coordinate"":""I10""}]"
development-base,d1e697d,base,3,hard-camps-development-v1-1,2,208,208,0,1,1,0,0,"[173,136,208]","[173,136,208]","[{""round"":2,""playerId"":2,""cardId"":""camp_2_1"",""coordinate"":""F5""},{""round"":2,""playerId"":2,""cardId"":""camp_5_1"",""coordinate"":""H4""},{""round"":3,""playerId"":2,""cardId"":""camp_1_1"",""coordinate"":""B6""},{""round"":3,""playerId"":2,""cardId"":""camp_3_1"",""coordinate"":null},{""round"":4,""playerId"":2,""cardId"":""camp_3_1"",""coordinate"":""A7""}]","[{""round"":2,""playerId"":2,""cardId"":""camp_2_1"",""coordinate"":""F5""},{""round"":2,""playerId"":2,""cardId"":""camp_5_1"",""coordinate"":""H4""},{""round"":3,""playerId"":2,""cardId"":""camp_1_1"",""coordinate"":""B6""},{""round"":3,""playerId"":2,""cardId"":""camp_3_1"",""coordinate"":""A7""}]"
development-base,d1e697d,base,4,hard-camps-development-v1-0,0,133,133,0,1,1,0,0,"[133,118,127,117]","[133,118,127,117]","[{""round"":1,""playerId"":0,""cardId"":""camp_5_1"",""coordinate"":""E8""}]","[{""round"":1,""playerId"":0,""cardId"":""camp_5_1"",""coordinate"":""E8""}]"
development-base,d1e697d,base,4,hard-camps-development-v1-0,1,118,118,0,0,0,0,0,"[133,118,127,117]","[133,118,127,117]","[{""round"":2,""playerId"":1,""cardId"":""camp_3_1"",""coordinate"":""F7""}]","[{""round"":2,""playerId"":1,""cardId"":""camp_3_1"",""coordinate"":""F7""}]"
development-base,d1e697d,base,4,hard-camps-development-v1-0,2,127,127,0,0,0,0,0,"[133,118,127,117]","[133,118,127,117]","[{""round"":1,""playerId"":2,""cardId"":""camp_2_1"",""coordinate"":""J5""}]","[{""round"":1,""playerId"":2,""cardId"":""camp_2_1"",""coordinate"":""J5""}]"
development-base,d1e697d,base,4,hard-camps-development-v1-0,3,177,117,44,1,0,0,0,"[149,115,123,177]","[133,118,127,117]","[{""round"":1,""playerId"":3,""cardId"":""camp_4_1"",""coordinate"":null},{""round"":2,""playerId"":3,""cardId"":""camp_4_1"",""coordinate"":""A1""}]","[{""round"":1,""playerId"":3,""cardId"":""camp_4_1"",""coordinate"":""H2""}]"
development-base,d1e697d,base,4,hard-camps-development-v1-1,0,158,158,0,1,1,0,0,"[158,101,123,76]","[158,101,123,76]",[],[]
development-base,d1e697d,base,4,hard-camps-development-v1-1,1,109,101,35,0,0,0,0,"[131,109,122,79]","[158,101,123,76]","[{""round"":1,""playerId"":1,""cardId"":""camp_4_1"",""coordinate"":""F9""},{""round"":2,""playerId"":1,""cardId"":""camp_2_1"",""coordinate"":""F1""},{""round"":3,""playerId"":1,""cardId"":""camp_3_1"",""coordinate"":""C4""}]","[{""round"":1,""playerId"":1,""cardId"":""camp_4_1"",""coordinate"":""F9""},{""round"":2,""playerId"":1,""cardId"":""camp_2_1"",""coordinate"":""E1""},{""round"":3,""playerId"":1,""cardId"":""camp_3_1"",""coordinate"":""C4""}]"
development-base,d1e697d,base,4,hard-camps-development-v1-1,2,123,123,0,0,0,0,0,"[158,101,123,76]","[158,101,123,76]","[{""round"":3,""playerId"":2,""cardId"":""camp_1_1"",""coordinate"":""J9""}]","[{""round"":3,""playerId"":2,""cardId"":""camp_1_1"",""coordinate"":""J9""}]"
development-base,d1e697d,base,4,hard-camps-development-v1-1,3,76,76,0,0,0,0,0,"[158,101,123,76]","[158,101,123,76]","[{""round"":1,""playerId"":3,""cardId"":""camp_5_1"",""coordinate"":""D10""},{""round"":3,""playerId"":3,""cardId"":""camp_6_1"",""coordinate"":""B6""}]","[{""round"":1,""playerId"":3,""cardId"":""camp_5_1"",""coordinate"":""D10""},{""round"":3,""playerId"":3,""cardId"":""camp_6_1"",""coordinate"":""B6""}]"
development-sky,d1e697d,in_the_sky,3,hard-camps-development-v1-0,0,264,274,4,0,0,0,0,"[264,339,321]","[274,353,343]","[{""round"":2,""playerId"":0,""cardId"":""camp_5_1"",""coordinate"":""C4-3""},{""round"":3,""playerId"":0,""cardId"":""camp_6_1"",""coordinate"":null},{""round"":4,""playerId"":0,""cardId"":""camp_6_1"",""coordinate"":""C7""}]","[{""round"":2,""playerId"":0,""cardId"":""camp_5_1"",""coordinate"":""C4-3""},{""round"":3,""playerId"":0,""cardId"":""camp_6_1"",""coordinate"":""H1""}]"
development-sky,d1e697d,in_the_sky,3,hard-camps-development-v1-0,1,353,353,0,1,1,0,0,"[274,353,343]","[274,353,343]","[{""round"":4,""playerId"":1,""cardId"":""camp_2_1"",""coordinate"":""C3-5""}]","[{""round"":4,""playerId"":1,""cardId"":""camp_2_1"",""coordinate"":""C3-5""}]"
development-sky,d1e697d,in_the_sky,3,hard-camps-development-v1-0,2,343,343,0,0,0,0,0,"[274,353,343]","[274,353,343]","[{""round"":3,""playerId"":2,""cardId"":""camp_1_1"",""coordinate"":""C4-2""},{""round"":4,""playerId"":2,""cardId"":""camp_4_1"",""coordinate"":""D4""}]","[{""round"":3,""playerId"":2,""cardId"":""camp_1_1"",""coordinate"":""C4-2""},{""round"":4,""playerId"":2,""cardId"":""camp_4_1"",""coordinate"":""D4""}]"
development-sky,d1e697d,in_the_sky,3,hard-camps-development-v1-1,0,273,290,-25,0,0,0,0,"[273,418,322]","[290,410,332]","[{""round"":1,""playerId"":0,""cardId"":""camp_1_1"",""coordinate"":""A8""},{""round"":3,""playerId"":0,""cardId"":""camp_4_1"",""coordinate"":""G1""}]","[{""round"":1,""playerId"":0,""cardId"":""camp_1_1"",""coordinate"":""A8""},{""round"":3,""playerId"":0,""cardId"":""camp_4_1"",""coordinate"":""D10""}]"
development-sky,d1e697d,in_the_sky,3,hard-camps-development-v1-1,1,410,410,0,1,1,0,0,"[290,410,332]","[290,410,332]",[],[]
development-sky,d1e697d,in_the_sky,3,hard-camps-development-v1-1,2,332,332,0,0,0,0,0,"[290,410,332]","[290,410,332]","[{""round"":2,""playerId"":2,""cardId"":""camp_6_1"",""coordinate"":""C3-3""},{""round"":4,""playerId"":2,""cardId"":""camp_2_1"",""coordinate"":""C7""}]","[{""round"":2,""playerId"":2,""cardId"":""camp_6_1"",""coordinate"":""C3-3""},{""round"":4,""playerId"":2,""cardId"":""camp_2_1"",""coordinate"":""C7""}]"
development-sky,d1e697d,in_the_sky,4,hard-camps-development-v1-0,0,229,221,12,0,0,0,0,"[229,185,271,220]","[221,207,275,212]","[{""round"":2,""playerId"":0,""cardId"":""camp_5_1"",""coordinate"":""I10""},{""round"":3,""playerId"":0,""cardId"":""camp_1_1"",""coordinate"":""C4-2""},{""round"":4,""playerId"":0,""cardId"":""camp_2_1"",""coordinate"":""F6""}]","[{""round"":2,""playerId"":0,""cardId"":""camp_5_1"",""coordinate"":""A1""},{""round"":3,""playerId"":0,""cardId"":""camp_1_1"",""coordinate"":""C4-2""}]"
development-sky,d1e697d,in_the_sky,4,hard-camps-development-v1-0,1,207,207,0,0,0,0,0,"[221,207,275,212]","[221,207,275,212]",[],[]
development-sky,d1e697d,in_the_sky,4,hard-camps-development-v1-0,2,275,275,0,1,1,0,0,"[221,207,275,212]","[221,207,275,212]","[{""round"":3,""playerId"":2,""cardId"":""camp_6_1"",""coordinate"":""H1""},{""round"":4,""playerId"":2,""cardId"":""camp_4_1"",""coordinate"":""C7""}]","[{""round"":3,""playerId"":2,""cardId"":""camp_6_1"",""coordinate"":""H1""},{""round"":4,""playerId"":2,""cardId"":""camp_4_1"",""coordinate"":""C7""}]"
development-sky,d1e697d,in_the_sky,4,hard-camps-development-v1-0,3,212,212,0,0,0,0,0,"[221,207,275,212]","[221,207,275,212]","[{""round"":4,""playerId"":3,""cardId"":""camp_2_1"",""coordinate"":""D1""}]","[{""round"":4,""playerId"":3,""cardId"":""camp_2_1"",""coordinate"":""D1""}]"
development-sky,d1e697d,in_the_sky,4,hard-camps-development-v1-1,0,245,245,0,1,1,0,0,"[245,203,206,220]","[245,203,206,220]",[],[]
development-sky,d1e697d,in_the_sky,4,hard-camps-development-v1-1,1,203,203,0,0,0,0,0,"[245,203,206,220]","[245,203,206,220]",[],[]
development-sky,d1e697d,in_the_sky,4,hard-camps-development-v1-1,2,239,206,32,0,0,0,0,"[246,208,239,223]","[245,203,206,220]","[{""round"":2,""playerId"":2,""cardId"":""camp_6_1"",""coordinate"":""D4""},{""round"":4,""playerId"":2,""cardId"":""camp_2_1"",""coordinate"":""C5""}]","[{""round"":2,""playerId"":2,""cardId"":""camp_6_1"",""coordinate"":""C3-3""}]"
development-sky,d1e697d,in_the_sky,4,hard-camps-development-v1-1,3,197,220,1,0,0,0,0,"[221,217,220,197]","[245,203,206,220]","[{""round"":1,""playerId"":3,""cardId"":""camp_1_1"",""coordinate"":""J5""},{""round"":3,""playerId"":3,""cardId"":""camp_4_1"",""coordinate"":""A5""},{""round"":4,""playerId"":3,""cardId"":""camp_5_1"",""coordinate"":""C8""}]","[{""round"":1,""playerId"":3,""cardId"":""camp_1_1"",""coordinate"":""I6""},{""round"":3,""playerId"":3,""cardId"":""camp_4_1"",""coordinate"":""A5""},{""round"":4,""playerId"":3,""cardId"":""camp_2_1"",""coordinate"":""C5""},{""round"":4,""playerId"":3,""cardId"":""camp_5_1"",""coordinate"":""C8""}]"
development-sky,d1e697d,in_the_sky,5,hard-camps-development-v1-0,0,114,114,0,0,0,0,0,"[114,110,168,140,200]","[114,110,168,140,200]",[],[]
development-sky,d1e697d,in_the_sky,5,hard-camps-development-v1-0,1,110,110,0,0,0,0,0,"[114,110,168,140,200]","[114,110,168,140,200]","[{""round"":3,""playerId"":1,""cardId"":""camp_1_1"",""coordinate"":""B10""},{""round"":3,""playerId"":1,""cardId"":""camp_2_1"",""coordinate"":""J8""},{""round"":4,""playerId"":1,""cardId"":""camp_4_1"",""coordinate"":""F2""}]","[{""round"":3,""playerId"":1,""cardId"":""camp_1_1"",""coordinate"":""B10""},{""round"":3,""playerId"":1,""cardId"":""camp_2_1"",""coordinate"":""J8""},{""round"":4,""playerId"":1,""cardId"":""camp_4_1"",""coordinate"":""F2""}]"
development-sky,d1e697d,in_the_sky,5,hard-camps-development-v1-0,2,168,168,0,0,0,0,0,"[114,110,168,140,200]","[114,110,168,140,200]","[{""round"":3,""playerId"":2,""cardId"":""camp_6_1"",""coordinate"":""E2""}]","[{""round"":3,""playerId"":2,""cardId"":""camp_6_1"",""coordinate"":""E2""}]"
development-sky,d1e697d,in_the_sky,5,hard-camps-development-v1-0,3,140,140,0,0,0,0,0,"[114,110,168,140,200]","[114,110,168,140,200]",[],[]
development-sky,d1e697d,in_the_sky,5,hard-camps-development-v1-0,4,200,200,0,1,1,0,0,"[114,110,168,140,200]","[114,110,168,140,200]","[{""round"":2,""playerId"":4,""cardId"":""camp_5_1"",""coordinate"":""E8""}]","[{""round"":2,""playerId"":4,""cardId"":""camp_5_1"",""coordinate"":""E8""}]"
development-sky,d1e697d,in_the_sky,5,hard-camps-development-v1-1,0,171,171,0,0,0,0,0,"[171,98,147,132,177]","[171,98,147,132,177]","[{""round"":1,""playerId"":0,""cardId"":""camp_1_1"",""coordinate"":""A8""}]","[{""round"":1,""playerId"":0,""cardId"":""camp_1_1"",""coordinate"":""A8""}]"
development-sky,d1e697d,in_the_sky,5,hard-camps-development-v1-1,1,98,98,0,0,0,0,0,"[171,98,147,132,177]","[171,98,147,132,177]","[{""round"":4,""playerId"":1,""cardId"":""camp_2_1"",""coordinate"":""E3""}]","[{""round"":4,""playerId"":1,""cardId"":""camp_2_1"",""coordinate"":""E3""}]"
development-sky,d1e697d,in_the_sky,5,hard-camps-development-v1-1,2,147,147,0,0,0,0,0,"[171,98,147,132,177]","[171,98,147,132,177]",[],[]
development-sky,d1e697d,in_the_sky,5,hard-camps-development-v1-1,3,132,132,0,0,0,0,0,"[171,98,147,132,177]","[171,98,147,132,177]","[{""round"":2,""playerId"":3,""cardId"":""camp_6_1"",""coordinate"":""G7""},{""round"":3,""playerId"":3,""cardId"":""camp_4_1"",""coordinate"":""C4""},{""round"":4,""playerId"":3,""cardId"":""camp_5_1"",""coordinate"":""A9""}]","[{""round"":2,""playerId"":3,""cardId"":""camp_6_1"",""coordinate"":""G7""},{""round"":3,""playerId"":3,""cardId"":""camp_4_1"",""coordinate"":""C4""},{""round"":4,""playerId"":3,""cardId"":""camp_5_1"",""coordinate"":""A9""}]"
development-sky,d1e697d,in_the_sky,5,hard-camps-development-v1-1,4,177,177,0,1,1,0,0,"[171,98,147,132,177]","[171,98,147,132,177]",[],[]
validation-base,f06f094,base,2,hard-camps-validation-v1-0,0,173,173,0,0,0,0,0,"[173,176]","[173,176]","[{""round"":2,""playerId"":0,""cardId"":""camp_3_1"",""coordinate"":""A7""},{""round"":4,""playerId"":0,""cardId"":""camp_4_1"",""coordinate"":""I10""}]","[{""round"":2,""playerId"":0,""cardId"":""camp_3_1"",""coordinate"":""A7""},{""round"":4,""playerId"":0,""cardId"":""camp_4_1"",""coordinate"":""I10""}]"
validation-base,f06f094,base,2,hard-camps-validation-v1-0,1,176,176,0,1,1,0,0,"[173,176]","[173,176]","[{""round"":3,""playerId"":1,""cardId"":""camp_5_1"",""coordinate"":""F4""},{""round"":4,""playerId"":1,""cardId"":""camp_1_1"",""coordinate"":""G7""}]","[{""round"":3,""playerId"":1,""cardId"":""camp_5_1"",""coordinate"":""F4""},{""round"":4,""playerId"":1,""cardId"":""camp_1_1"",""coordinate"":""G7""}]"
validation-base,f06f094,base,2,hard-camps-validation-v1-1,0,129,129,0,0,0,0,0,"[129,194]","[129,194]","[{""round"":1,""playerId"":0,""cardId"":""camp_6_1"",""coordinate"":""B4""},{""round"":2,""playerId"":0,""cardId"":""camp_5_1"",""coordinate"":""H2""}]","[{""round"":1,""playerId"":0,""cardId"":""camp_6_1"",""coordinate"":""B4""},{""round"":2,""playerId"":0,""cardId"":""camp_5_1"",""coordinate"":""H2""}]"
validation-base,f06f094,base,2,hard-camps-validation-v1-1,1,194,194,0,1,1,0,0,"[129,194]","[129,194]","[{""round"":2,""playerId"":1,""cardId"":""camp_4_1"",""coordinate"":""C7""},{""round"":3,""playerId"":1,""cardId"":""camp_1_1"",""coordinate"":""I5""},{""round"":4,""playerId"":1,""cardId"":""camp_3_1"",""coordinate"":""F2""}]","[{""round"":2,""playerId"":1,""cardId"":""camp_4_1"",""coordinate"":""C7""},{""round"":3,""playerId"":1,""cardId"":""camp_1_1"",""coordinate"":""I5""},{""round"":4,""playerId"":1,""cardId"":""camp_3_1"",""coordinate"":""F2""}]"
validation-base,f06f094,base,2,hard-camps-validation-v1-2,0,134,134,0,1,1,0,0,"[134,117]","[134,117]","[{""round"":1,""playerId"":0,""cardId"":""camp_1_1"",""coordinate"":""J1""},{""round"":3,""playerId"":0,""cardId"":""camp_2_1"",""coordinate"":""G4""},{""round"":3,""playerId"":0,""cardId"":""camp_5_1"",""coordinate"":""I3""}]","[{""round"":1,""playerId"":0,""cardId"":""camp_1_1"",""coordinate"":""J1""},{""round"":3,""playerId"":0,""cardId"":""camp_2_1"",""coordinate"":""G4""},{""round"":3,""playerId"":0,""cardId"":""camp_5_1"",""coordinate"":""I3""}]"
validation-base,f06f094,base,2,hard-camps-validation-v1-2,1,117,117,0,0,0,0,0,"[134,117]","[134,117]","[{""round"":1,""playerId"":1,""cardId"":""camp_3_1"",""coordinate"":""D10""},{""round"":3,""playerId"":1,""cardId"":""camp_6_1"",""coordinate"":""A7""}]","[{""round"":1,""playerId"":1,""cardId"":""camp_3_1"",""coordinate"":""D10""},{""round"":3,""playerId"":1,""cardId"":""camp_6_1"",""coordinate"":""A7""}]"
validation-base,f06f094,base,2,hard-camps-validation-v1-3,0,110,110,0,0,0,0,0,"[110,148]","[110,148]",[],[]
validation-base,f06f094,base,2,hard-camps-validation-v1-3,1,148,148,0,1,1,0,0,"[110,148]","[110,148]","[{""round"":4,""playerId"":1,""cardId"":""camp_1_1"",""coordinate"":""B1""},{""round"":4,""playerId"":1,""cardId"":""camp_5_1"",""coordinate"":""B2""}]","[{""round"":4,""playerId"":1,""cardId"":""camp_1_1"",""coordinate"":""B1""},{""round"":4,""playerId"":1,""cardId"":""camp_5_1"",""coordinate"":""B2""}]"
validation-base,f06f094,base,2,hard-camps-validation-v1-4,0,153,142,-3,1,1,0,0,"[153,135]","[142,121]","[{""round"":1,""playerId"":0,""cardId"":""camp_5_1"",""coordinate"":""D10""},{""round"":1,""playerId"":0,""cardId"":""camp_6_1"",""coordinate"":null},{""round"":2,""playerId"":0,""cardId"":""camp_3_1"",""coordinate"":""J10""},{""round"":2,""playerId"":0,""cardId"":""camp_6_1"",""coordinate"":""A1""}]","[{""round"":1,""playerId"":0,""cardId"":""camp_5_1"",""coordinate"":""D10""},{""round"":1,""playerId"":0,""cardId"":""camp_6_1"",""coordinate"":""A8""},{""round"":2,""playerId"":0,""cardId"":""camp_3_1"",""coordinate"":""C7""}]"
validation-base,f06f094,base,2,hard-camps-validation-v1-4,1,121,121,0,0,0,0,0,"[142,121]","[142,121]","[{""round"":1,""playerId"":1,""cardId"":""camp_4_1"",""coordinate"":""B4""}]","[{""round"":1,""playerId"":1,""cardId"":""camp_4_1"",""coordinate"":""B4""}]"
validation-base,f06f094,base,2,hard-camps-validation-v1-5,0,126,126,0,0,0,0,0,"[126,158]","[126,158]","[{""round"":4,""playerId"":0,""cardId"":""camp_1_1"",""coordinate"":""C3""}]","[{""round"":4,""playerId"":0,""cardId"":""camp_1_1"",""coordinate"":""C3""}]"
validation-base,f06f094,base,2,hard-camps-validation-v1-5,1,158,158,0,1,1,0,0,"[126,158]","[126,158]","[{""round"":3,""playerId"":1,""cardId"":""camp_4_1"",""coordinate"":""I4""},{""round"":4,""playerId"":1,""cardId"":""camp_6_1"",""coordinate"":""A7""}]","[{""round"":3,""playerId"":1,""cardId"":""camp_4_1"",""coordinate"":""I4""},{""round"":4,""playerId"":1,""cardId"":""camp_6_1"",""coordinate"":""A7""}]"
validation-base,f06f094,base,2,hard-camps-validation-v1-6,0,142,142,0,0,0,0,0,"[142,147]","[142,147]","[{""round"":1,""playerId"":0,""cardId"":""camp_4_1"",""coordinate"":""A8""}]","[{""round"":1,""playerId"":0,""cardId"":""camp_4_1"",""coordinate"":""A8""}]"
validation-base,f06f094,base,2,hard-camps-validation-v1-6,1,147,147,0,1,1,0,0,"[142,147]","[142,147]","[{""round"":3,""playerId"":1,""cardId"":""camp_2_1"",""coordinate"":""J6""}]","[{""round"":3,""playerId"":1,""cardId"":""camp_2_1"",""coordinate"":""J6""}]"
validation-base,f06f094,base,2,hard-camps-validation-v1-7,0,136,136,0,0,0,0,0,"[136,158]","[136,158]","[{""round"":3,""playerId"":0,""cardId"":""camp_5_1"",""coordinate"":""D4""}]","[{""round"":3,""playerId"":0,""cardId"":""camp_5_1"",""coordinate"":""D4""}]"
validation-base,f06f094,base,2,hard-camps-validation-v1-7,1,158,158,0,1,1,0,0,"[136,158]","[136,158]","[{""round"":1,""playerId"":1,""cardId"":""camp_3_1"",""coordinate"":""H4""},{""round"":4,""playerId"":1,""cardId"":""camp_1_1"",""coordinate"":""J2""},{""round"":4,""playerId"":1,""cardId"":""camp_4_1"",""coordinate"":""H2""}]","[{""round"":1,""playerId"":1,""cardId"":""camp_3_1"",""coordinate"":""H4""},{""round"":4,""playerId"":1,""cardId"":""camp_1_1"",""coordinate"":""J2""},{""round"":4,""playerId"":1,""cardId"":""camp_4_1"",""coordinate"":""H2""}]"
validation-base,f06f094,base,2,hard-camps-validation-v1-8,0,117,117,0,0,0,0,0,"[117,121]","[117,121]","[{""round"":1,""playerId"":0,""cardId"":""camp_5_1"",""coordinate"":""D4""},{""round"":4,""playerId"":0,""cardId"":""camp_2_1"",""coordinate"":""A7""},{""round"":4,""playerId"":0,""cardId"":""camp_6_1"",""coordinate"":""A9""}]","[{""round"":1,""playerId"":0,""cardId"":""camp_5_1"",""coordinate"":""D4""},{""round"":4,""playerId"":0,""cardId"":""camp_2_1"",""coordinate"":""A7""},{""round"":4,""playerId"":0,""cardId"":""camp_6_1"",""coordinate"":""A9""}]"
validation-base,f06f094,base,2,hard-camps-validation-v1-8,1,121,121,0,1,1,0,0,"[117,121]","[117,121]","[{""round"":3,""playerId"":1,""cardId"":""camp_1_1"",""coordinate"":""A8""}]","[{""round"":3,""playerId"":1,""cardId"":""camp_1_1"",""coordinate"":""A8""}]"
validation-base,f06f094,base,2,hard-camps-validation-v1-9,0,128,128,0,1,1,0,0,"[128,102]","[128,102]","[{""round"":3,""playerId"":0,""cardId"":""camp_6_1"",""coordinate"":""H2""}]","[{""round"":3,""playerId"":0,""cardId"":""camp_6_1"",""coordinate"":""H2""}]"
validation-base,f06f094,base,2,hard-camps-validation-v1-9,1,102,102,0,0,0,0,0,"[128,102]","[128,102]","[{""round"":2,""playerId"":1,""cardId"":""camp_2_1"",""coordinate"":""C5""},{""round"":3,""playerId"":1,""cardId"":""camp_3_1"",""coordinate"":""A8""}]","[{""round"":2,""playerId"":1,""cardId"":""camp_2_1"",""coordinate"":""C5""},{""round"":3,""playerId"":1,""cardId"":""camp_3_1"",""coordinate"":""A8""}]"
validation-base,f06f094,base,3,hard-camps-validation-v1-0,0,191,191,0,0,0,0,0,"[191,152,227]","[191,152,227]","[{""round"":1,""playerId"":0,""cardId"":""camp_2_1"",""coordinate"":""H4""},{""round"":3,""playerId"":0,""cardId"":""camp_3_1"",""coordinate"":""B8""},{""round"":4,""playerId"":0,""cardId"":""camp_5_1"",""coordinate"":""J2""}]","[{""round"":1,""playerId"":0,""cardId"":""camp_2_1"",""coordinate"":""H4""},{""round"":3,""playerId"":0,""cardId"":""camp_3_1"",""coordinate"":""B8""},{""round"":4,""playerId"":0,""cardId"":""camp_5_1"",""coordinate"":""J2""}]"
validation-base,f06f094,base,3,hard-camps-validation-v1-0,1,152,152,0,0,0,0,0,"[191,152,227]","[191,152,227]",[],[]
validation-base,f06f094,base,3,hard-camps-validation-v1-0,2,227,227,0,1,1,0,0,"[191,152,227]","[191,152,227]",[],[]
validation-base,f06f094,base,3,hard-camps-validation-v1-1,0,120,120,0,0,0,0,0,"[120,130,183]","[120,130,183]","[{""round"":2,""playerId"":0,""cardId"":""camp_2_1"",""coordinate"":""B4""},{""round"":2,""playerId"":0,""cardId"":""camp_4_1"",""coordinate"":""A3""},{""round"":4,""playerId"":0,""cardId"":""camp_1_1"",""coordinate"":""A1""}]","[{""round"":2,""playerId"":0,""cardId"":""camp_2_1"",""coordinate"":""B4""},{""round"":2,""playerId"":0,""cardId"":""camp_4_1"",""coordinate"":""A3""},{""round"":4,""playerId"":0,""cardId"":""camp_1_1"",""coordinate"":""A1""}]"
validation-base,f06f094,base,3,hard-camps-validation-v1-1,1,130,130,0,0,0,0,0,"[120,130,183]","[120,130,183]",[],[]
validation-base,f06f094,base,3,hard-camps-validation-v1-1,2,183,183,0,1,1,0,0,"[120,130,183]","[120,130,183]","[{""round"":1,""playerId"":2,""cardId"":""camp_6_1"",""coordinate"":""J4""},{""round"":2,""playerId"":2,""cardId"":""camp_5_1"",""coordinate"":""J9""}]","[{""round"":1,""playerId"":2,""cardId"":""camp_6_1"",""coordinate"":""J4""},{""round"":2,""playerId"":2,""cardId"":""camp_5_1"",""coordinate"":""J9""}]"
validation-base,f06f094,base,3,hard-camps-validation-v1-2,0,194,194,0,1,1,0,0,"[194,145,177]","[194,145,177]",[],[]
validation-base,f06f094,base,3,hard-camps-validation-v1-2,1,132,145,19,0,0,0,0,"[162,132,151]","[194,145,177]","[{""round"":1,""playerId"":1,""cardId"":""camp_1_1"",""coordinate"":""I4""},{""round"":2,""playerId"":1,""cardId"":""camp_4_1"",""coordinate"":null},{""round"":3,""playerId"":1,""cardId"":""camp_2_1"",""coordinate"":""B8""},{""round"":3,""playerId"":1,""cardId"":""camp_4_1"",""coordinate"":""G8""}]","[{""round"":1,""playerId"":1,""cardId"":""camp_1_1"",""coordinate"":""I4""},{""round"":2,""playerId"":1,""cardId"":""camp_4_1"",""coordinate"":""G8""},{""round"":3,""playerId"":1,""cardId"":""camp_2_1"",""coordinate"":""F9""}]"
validation-base,f06f094,base,3,hard-camps-validation-v1-2,2,177,177,0,0,0,0,0,"[194,145,177]","[194,145,177]","[{""round"":1,""playerId"":2,""cardId"":""camp_3_1"",""coordinate"":""J1""},{""round"":3,""playerId"":2,""cardId"":""camp_5_1"",""coordinate"":""H2""},{""round"":3,""playerId"":2,""cardId"":""camp_6_1"",""coordinate"":""D5""}]","[{""round"":1,""playerId"":2,""cardId"":""camp_3_1"",""coordinate"":""J1""},{""round"":3,""playerId"":2,""cardId"":""camp_5_1"",""coordinate"":""H2""},{""round"":3,""playerId"":2,""cardId"":""camp_6_1"",""coordinate"":""D5""}]"
validation-base,f06f094,base,3,hard-camps-validation-v1-3,0,218,218,0,1,1,0,0,"[218,170,173]","[218,170,173]","[{""round"":4,""playerId"":0,""cardId"":""camp_4_1"",""coordinate"":""A10""}]","[{""round"":4,""playerId"":0,""cardId"":""camp_4_1"",""coordinate"":""A10""}]"
validation-base,f06f094,base,3,hard-camps-validation-v1-3,1,170,170,0,0,0,0,0,"[218,170,173]","[218,170,173]","[{""round"":2,""playerId"":1,""cardId"":""camp_2_1"",""coordinate"":""J6""},{""round"":4,""playerId"":1,""cardId"":""camp_1_1"",""coordinate"":""C7""}]","[{""round"":2,""playerId"":1,""cardId"":""camp_2_1"",""coordinate"":""J6""},{""round"":4,""playerId"":1,""cardId"":""camp_1_1"",""coordinate"":""C7""}]"
validation-base,f06f094,base,3,hard-camps-validation-v1-3,2,173,173,0,0,0,0,0,"[218,170,173]","[218,170,173]",[],[]
validation-base,f06f094,base,3,hard-camps-validation-v1-4,0,188,188,0,0,0,0,0,"[188,206,178]","[188,206,178]","[{""round"":2,""playerId"":0,""cardId"":""camp_1_1"",""coordinate"":""E3""}]","[{""round"":2,""playerId"":0,""cardId"":""camp_1_1"",""coordinate"":""E3""}]"
validation-base,f06f094,base,3,hard-camps-validation-v1-4,1,206,206,0,1,1,0,0,"[188,206,178]","[188,206,178]","[{""round"":2,""playerId"":1,""cardId"":""camp_3_1"",""coordinate"":""D10""},{""round"":3,""playerId"":1,""cardId"":""camp_2_1"",""coordinate"":""E8""}]","[{""round"":2,""playerId"":1,""cardId"":""camp_3_1"",""coordinate"":""D10""},{""round"":3,""playerId"":1,""cardId"":""camp_2_1"",""coordinate"":""E8""}]"
validation-base,f06f094,base,3,hard-camps-validation-v1-4,2,178,178,0,0,0,0,0,"[188,206,178]","[188,206,178]","[{""round"":1,""playerId"":2,""cardId"":""camp_4_1"",""coordinate"":""A3""},{""round"":1,""playerId"":2,""cardId"":""camp_5_1"",""coordinate"":""A5""},{""round"":1,""playerId"":2,""cardId"":""camp_6_1"",""coordinate"":null},{""round"":2,""playerId"":2,""cardId"":""camp_6_1"",""coordinate"":null},{""round"":3,""playerId"":2,""cardId"":""camp_6_1"",""coordinate"":""A10""}]","[{""round"":1,""playerId"":2,""cardId"":""camp_4_1"",""coordinate"":""A3""},{""round"":1,""playerId"":2,""cardId"":""camp_5_1"",""coordinate"":""A5""},{""round"":1,""playerId"":2,""cardId"":""camp_6_1"",""coordinate"":null},{""round"":2,""playerId"":2,""cardId"":""camp_6_1"",""coordinate"":""A10""}]"
validation-base,f06f094,base,3,hard-camps-validation-v1-5,0,190,190,0,0,0,0,0,"[190,205,202]","[190,205,202]","[{""round"":4,""playerId"":0,""cardId"":""camp_1_1"",""coordinate"":""J6""},{""round"":4,""playerId"":0,""cardId"":""camp_2_1"",""coordinate"":""C3""},{""round"":4,""playerId"":0,""cardId"":""camp_5_1"",""coordinate"":""C7""},{""round"":4,""playerId"":0,""cardId"":""camp_6_1"",""coordinate"":""E8""}]","[{""round"":4,""playerId"":0,""cardId"":""camp_1_1"",""coordinate"":""J6""},{""round"":4,""playerId"":0,""cardId"":""camp_2_1"",""coordinate"":""C3""},{""round"":4,""playerId"":0,""cardId"":""camp_5_1"",""coordinate"":""C7""},{""round"":4,""playerId"":0,""cardId"":""camp_6_1"",""coordinate"":""E8""}]"
validation-base,f06f094,base,3,hard-camps-validation-v1-5,1,205,205,0,1,1,0,0,"[190,205,202]","[190,205,202]",[],[]
validation-base,f06f094,base,3,hard-camps-validation-v1-5,2,180,202,-22,0,0,0,0,"[195,205,180]","[190,205,202]","[{""round"":3,""playerId"":2,""cardId"":""camp_4_1"",""coordinate"":null},{""round"":4,""playerId"":2,""cardId"":""camp_3_1"",""coordinate"":""F4""},{""round"":4,""playerId"":2,""cardId"":""camp_4_1"",""coordinate"":""D2""},{""round"":4,""playerId"":2,""cardId"":""camp_6_1"",""coordinate"":""A3""}]","[{""round"":3,""playerId"":2,""cardId"":""camp_4_1"",""coordinate"":""A1""},{""round"":4,""playerId"":2,""cardId"":""camp_3_1"",""coordinate"":""F4""}]"
validation-base,f06f094,base,3,hard-camps-validation-v1-6,0,198,198,0,1,1,0,0,"[198,185,194]","[198,185,194]","[{""round"":3,""playerId"":0,""cardId"":""camp_2_1"",""coordinate"":""D4""},{""round"":3,""playerId"":0,""cardId"":""camp_3_1"",""coordinate"":""B6""}]","[{""round"":3,""playerId"":0,""cardId"":""camp_2_1"",""coordinate"":""D4""},{""round"":3,""playerId"":0,""cardId"":""camp_3_1"",""coordinate"":""B6""}]"
validation-base,f06f094,base,3,hard-camps-validation-v1-6,1,185,185,0,0,0,0,0,"[198,185,194]","[198,185,194]","[{""round"":1,""playerId"":1,""cardId"":""camp_4_1"",""coordinate"":""E3""},{""round"":2,""playerId"":1,""cardId"":""camp_1_1"",""coordinate"":""D10""}]","[{""round"":1,""playerId"":1,""cardId"":""camp_4_1"",""coordinate"":""E3""},{""round"":2,""playerId"":1,""cardId"":""camp_1_1"",""coordinate"":""D10""}]"
validation-base,f06f094,base,3,hard-camps-validation-v1-6,2,194,194,0,0,0,0,0,"[198,185,194]","[198,185,194]","[{""round"":4,""playerId"":2,""cardId"":""camp_5_1"",""coordinate"":""C3""}]","[{""round"":4,""playerId"":2,""cardId"":""camp_5_1"",""coordinate"":""C3""}]"
validation-base,f06f094,base,3,hard-camps-validation-v1-7,0,209,232,-19,0,1,0,0,"[209,218,176]","[232,222,199]","[{""round"":2,""playerId"":0,""cardId"":""camp_3_1"",""coordinate"":""F5""},{""round"":3,""playerId"":0,""cardId"":""camp_5_1"",""coordinate"":null},{""round"":4,""playerId"":0,""cardId"":""camp_2_1"",""coordinate"":""J2""},{""round"":4,""playerId"":0,""cardId"":""camp_4_1"",""coordinate"":""D10""},{""round"":4,""playerId"":0,""cardId"":""camp_5_1"",""coordinate"":""A7""},{""round"":4,""playerId"":0,""cardId"":""camp_6_1"",""coordinate"":""A6""}]","[{""round"":2,""playerId"":0,""cardId"":""camp_3_1"",""coordinate"":""F5""},{""round"":3,""playerId"":0,""cardId"":""camp_5_1"",""coordinate"":""F1""},{""round"":4,""playerId"":0,""cardId"":""camp_1_1"",""coordinate"":""A8""},{""round"":4,""playerId"":0,""cardId"":""camp_2_1"",""coordinate"":""A7""},{""round"":4,""playerId"":0,""cardId"":""camp_4_1"",""coordinate"":""C3""},{""round"":4,""playerId"":0,""cardId"":""camp_6_1"",""coordinate"":""I8""}]"
validation-base,f06f094,base,3,hard-camps-validation-v1-7,1,222,222,0,0,0,0,0,"[232,222,199]","[232,222,199]",[],[]
validation-base,f06f094,base,3,hard-camps-validation-v1-7,2,199,199,0,0,0,0,0,"[232,222,199]","[232,222,199]",[],[]
validation-base,f06f094,base,3,hard-camps-validation-v1-8,0,194,194,0,1,1,0,0,"[194,191,170]","[194,191,170]","[{""round"":3,""playerId"":0,""cardId"":""camp_3_1"",""coordinate"":""E8""}]","[{""round"":3,""playerId"":0,""cardId"":""camp_3_1"",""coordinate"":""E8""}]"
validation-base,f06f094,base,3,hard-camps-validation-v1-8,1,191,191,0,0,0,0,0,"[194,191,170]","[194,191,170]",[],[]
validation-base,f06f094,base,3,hard-camps-validation-v1-8,2,170,170,0,0,0,0,0,"[194,191,170]","[194,191,170]","[{""round"":1,""playerId"":2,""cardId"":""camp_5_1"",""coordinate"":""I10""},{""round"":3,""playerId"":2,""cardId"":""camp_1_1"",""coordinate"":""J4""},{""round"":4,""playerId"":2,""cardId"":""camp_6_1"",""coordinate"":""A6""}]","[{""round"":1,""playerId"":2,""cardId"":""camp_5_1"",""coordinate"":""I10""},{""round"":3,""playerId"":2,""cardId"":""camp_1_1"",""coordinate"":""J4""},{""round"":4,""playerId"":2,""cardId"":""camp_6_1"",""coordinate"":""A6""}]"
validation-base,f06f094,base,3,hard-camps-validation-v1-9,0,210,210,0,1,1,0,0,"[210,189,158]","[210,189,158]","[{""round"":3,""playerId"":0,""cardId"":""camp_6_1"",""coordinate"":""B10""}]","[{""round"":3,""playerId"":0,""cardId"":""camp_6_1"",""coordinate"":""B10""}]"
validation-base,f06f094,base,3,hard-camps-validation-v1-9,1,189,189,0,0,0,0,0,"[210,189,158]","[210,189,158]","[{""round"":1,""playerId"":1,""cardId"":""camp_4_1"",""coordinate"":""C4""},{""round"":4,""playerId"":1,""cardId"":""camp_3_1"",""coordinate"":""B1""}]","[{""round"":1,""playerId"":1,""cardId"":""camp_4_1"",""coordinate"":""C4""},{""round"":4,""playerId"":1,""cardId"":""camp_3_1"",""coordinate"":""B1""}]"
validation-base,f06f094,base,3,hard-camps-validation-v1-9,2,158,158,0,0,0,0,0,"[210,189,158]","[210,189,158]","[{""round"":1,""playerId"":2,""cardId"":""camp_5_1"",""coordinate"":""H2""},{""round"":2,""playerId"":2,""cardId"":""camp_2_1"",""coordinate"":""G4""}]","[{""round"":1,""playerId"":2,""cardId"":""camp_5_1"",""coordinate"":""H2""},{""round"":2,""playerId"":2,""cardId"":""camp_2_1"",""coordinate"":""G4""}]"
validation-base,f06f094,base,4,hard-camps-validation-v1-0,0,143,143,0,0,0,0,0,"[143,109,171,125]","[143,109,171,125]","[{""round"":1,""playerId"":0,""cardId"":""camp_2_1"",""coordinate"":""H4""},{""round"":3,""playerId"":0,""cardId"":""camp_5_1"",""coordinate"":""J2""}]","[{""round"":1,""playerId"":0,""cardId"":""camp_2_1"",""coordinate"":""H4""},{""round"":3,""playerId"":0,""cardId"":""camp_5_1"",""coordinate"":""J2""}]"
validation-base,f06f094,base,4,hard-camps-validation-v1-0,1,109,109,0,0,0,0,0,"[143,109,171,125]","[143,109,171,125]","[{""round"":2,""playerId"":1,""cardId"":""camp_3_1"",""coordinate"":""A1""},{""round"":4,""playerId"":1,""cardId"":""camp_1_1"",""coordinate"":""E8""},{""round"":4,""playerId"":1,""cardId"":""camp_4_1"",""coordinate"":""D7""}]","[{""round"":2,""playerId"":1,""cardId"":""camp_3_1"",""coordinate"":""A1""},{""round"":4,""playerId"":1,""cardId"":""camp_1_1"",""coordinate"":""E8""},{""round"":4,""playerId"":1,""cardId"":""camp_4_1"",""coordinate"":""D7""}]"
validation-base,f06f094,base,4,hard-camps-validation-v1-0,2,171,171,0,1,1,0,0,"[143,109,171,125]","[143,109,171,125]",[],[]
validation-base,f06f094,base,4,hard-camps-validation-v1-0,3,125,125,0,0,0,0,0,"[143,109,171,125]","[143,109,171,125]","[{""round"":4,""playerId"":3,""cardId"":""camp_6_1"",""coordinate"":""E9""}]","[{""round"":4,""playerId"":3,""cardId"":""camp_6_1"",""coordinate"":""E9""}]"
validation-base,f06f094,base,4,hard-camps-validation-v1-1,0,104,106,1,0,0,0,0,"[104,144,133,125]","[106,147,141,126]","[{""round"":2,""playerId"":0,""cardId"":""camp_2_1"",""coordinate"":""J5""},{""round"":2,""playerId"":0,""cardId"":""camp_5_1"",""coordinate"":null},{""round"":3,""playerId"":0,""cardId"":""camp_5_1"",""coordinate"":""F4""}]","[{""round"":2,""playerId"":0,""cardId"":""camp_2_1"",""coordinate"":""J5""},{""round"":2,""playerId"":0,""cardId"":""camp_5_1"",""coordinate"":""F4""},{""round"":3,""playerId"":0,""cardId"":""camp_1_1"",""coordinate"":""A1""}]"
validation-base,f06f094,base,4,hard-camps-validation-v1-1,1,147,147,0,1,1,0,0,"[106,147,141,126]","[106,147,141,126]",[],[]
validation-base,f06f094,base,4,hard-camps-validation-v1-1,2,126,141,-13,0,0,0,0,"[118,145,126,129]","[106,147,141,126]","[{""round"":1,""playerId"":2,""cardId"":""camp_6_1"",""coordinate"":null},{""round"":2,""playerId"":2,""cardId"":""camp_4_1"",""coordinate"":""B4""},{""round"":2,""playerId"":2,""cardId"":""camp_6_1"",""coordinate"":""A3""}]","[{""round"":1,""playerId"":2,""cardId"":""camp_6_1"",""coordinate"":""A3""},{""round"":2,""playerId"":2,""cardId"":""camp_4_1"",""coordinate"":""B4""},{""round"":4,""playerId"":2,""cardId"":""camp_3_1"",""coordinate"":""J10""}]"
validation-base,f06f094,base,4,hard-camps-validation-v1-1,3,126,126,0,0,0,0,0,"[106,147,141,126]","[106,147,141,126]",[],[]
validation-base,f06f094,base,4,hard-camps-validation-v1-2,0,117,117,0,0,0,0,0,"[117,103,143,137]","[117,103,143,137]",[],[]
validation-base,f06f094,base,4,hard-camps-validation-v1-2,1,98,103,1,0,0,0,0,"[104,98,133,137]","[117,103,143,137]","[{""round"":1,""playerId"":1,""cardId"":""camp_1_1"",""coordinate"":null},{""round"":2,""playerId"":1,""cardId"":""camp_1_1"",""coordinate"":""A7""},{""round"":3,""playerId"":1,""cardId"":""camp_2_1"",""coordinate"":""B8""}]","[{""round"":1,""playerId"":1,""cardId"":""camp_1_1"",""coordinate"":""A3""},{""round"":3,""playerId"":1,""cardId"":""camp_2_1"",""coordinate"":""B8""}]"
validation-base,f06f094,base,4,hard-camps-validation-v1-2,2,155,143,13,1,1,0,0,"[104,84,155,136]","[117,103,143,137]","[{""round"":2,""playerId"":2,""cardId"":""camp_4_1"",""coordinate"":""H2""},{""round"":3,""playerId"":2,""cardId"":""camp_5_1"",""coordinate"":null},{""round"":4,""playerId"":2,""cardId"":""camp_5_1"",""coordinate"":""F9""}]","[{""round"":2,""playerId"":2,""cardId"":""camp_4_1"",""coordinate"":""H2""},{""round"":3,""playerId"":2,""cardId"":""camp_5_1"",""coordinate"":""C4""}]"
validation-base,f06f094,base,4,hard-camps-validation-v1-2,3,143,137,12,1,0,0,0,"[103,106,137,143]","[117,103,143,137]","[{""round"":1,""playerId"":3,""cardId"":""camp_3_1"",""coordinate"":null},{""round"":2,""playerId"":3,""cardId"":""camp_3_1"",""coordinate"":null},{""round"":3,""playerId"":3,""cardId"":""camp_3_1"",""coordinate"":""A10""},{""round"":3,""playerId"":3,""cardId"":""camp_6_1"",""coordinate"":null},{""round"":4,""playerId"":3,""cardId"":""camp_6_1"",""coordinate"":""A9""}]","[{""round"":1,""playerId"":3,""cardId"":""camp_3_1"",""coordinate"":null},{""round"":2,""playerId"":3,""cardId"":""camp_3_1"",""coordinate"":""F10""},{""round"":3,""playerId"":3,""cardId"":""camp_6_1"",""coordinate"":""A10""}]"
validation-base,f06f094,base,4,hard-camps-validation-v1-3,0,141,141,0,0,0,0,0,"[141,153,121,109]","[141,153,121,109]","[{""round"":4,""playerId"":0,""cardId"":""camp_1_1"",""coordinate"":""C7""}]","[{""round"":4,""playerId"":0,""cardId"":""camp_1_1"",""coordinate"":""C7""}]"
validation-base,f06f094,base,4,hard-camps-validation-v1-3,1,153,153,0,1,1,0,0,"[141,153,121,109]","[141,153,121,109]",[],[]
validation-base,f06f094,base,4,hard-camps-validation-v1-3,2,121,121,0,0,0,0,0,"[141,153,121,109]","[141,153,121,109]",[],[]
validation-base,f06f094,base,4,hard-camps-validation-v1-3,3,109,109,0,0,0,0,0,"[141,153,121,109]","[141,153,121,109]","[{""round"":2,""playerId"":3,""cardId"":""camp_2_1"",""coordinate"":""A7""},{""round"":3,""playerId"":3,""cardId"":""camp_4_1"",""coordinate"":""F5""},{""round"":4,""playerId"":3,""cardId"":""camp_5_1"",""coordinate"":""D8""},{""round"":4,""playerId"":3,""cardId"":""camp_6_1"",""coordinate"":""E4""}]","[{""round"":2,""playerId"":3,""cardId"":""camp_2_1"",""coordinate"":""A7""},{""round"":3,""playerId"":3,""cardId"":""camp_4_1"",""coordinate"":""F5""},{""round"":4,""playerId"":3,""cardId"":""camp_5_1"",""coordinate"":""D8""},{""round"":4,""playerId"":3,""cardId"":""camp_6_1"",""coordinate"":""E4""}]"
validation-base,f06f094,base,4,hard-camps-validation-v1-4,0,134,134,0,1,1,0,0,"[134,102,98,99]","[134,102,98,99]","[{""round"":3,""playerId"":0,""cardId"":""camp_2_1"",""coordinate"":""A1""}]","[{""round"":3,""playerId"":0,""cardId"":""camp_2_1"",""coordinate"":""A1""}]"
validation-base,f06f094,base,4,hard-camps-validation-v1-4,1,102,102,0,0,0,0,0,"[134,102,98,99]","[134,102,98,99]","[{""round"":2,""playerId"":1,""cardId"":""camp_3_1"",""coordinate"":""A2""}]","[{""round"":2,""playerId"":1,""cardId"":""camp_3_1"",""coordinate"":""A2""}]"
validation-base,f06f094,base,4,hard-camps-validation-v1-4,2,111,98,11,0,0,0,0,"[136,99,111,102]","[134,102,98,99]","[{""round"":1,""playerId"":2,""cardId"":""camp_5_1"",""coordinate"":""D10""},{""round"":1,""playerId"":2,""cardId"":""camp_6_1"",""coordinate"":null},{""round"":2,""playerId"":2,""cardId"":""camp_6_1"",""coordinate"":""E3""}]","[{""round"":1,""playerId"":2,""cardId"":""camp_5_1"",""coordinate"":""D10""},{""round"":1,""playerId"":2,""cardId"":""camp_6_1"",""coordinate"":""J6""}]"
validation-base,f06f094,base,4,hard-camps-validation-v1-4,3,99,99,0,0,0,0,0,"[134,102,98,99]","[134,102,98,99]","[{""round"":1,""playerId"":3,""cardId"":""camp_4_1"",""coordinate"":""A3""},{""round"":2,""playerId"":3,""cardId"":""camp_1_1"",""coordinate"":""B4""}]","[{""round"":1,""playerId"":3,""cardId"":""camp_4_1"",""coordinate"":""A3""},{""round"":2,""playerId"":3,""cardId"":""camp_1_1"",""coordinate"":""B4""}]"
validation-base,f06f094,base,4,hard-camps-validation-v1-5,0,134,134,0,1,1,0,0,"[134,107,105,120]","[134,107,105,120]","[{""round"":4,""playerId"":0,""cardId"":""camp_2_1"",""coordinate"":""C3""},{""round"":4,""playerId"":0,""cardId"":""camp_6_1"",""coordinate"":""C5""}]","[{""round"":4,""playerId"":0,""cardId"":""camp_2_1"",""coordinate"":""C3""},{""round"":4,""playerId"":0,""cardId"":""camp_6_1"",""coordinate"":""C5""}]"
validation-base,f06f094,base,4,hard-camps-validation-v1-5,1,107,107,0,0,0,0,0,"[134,107,105,120]","[134,107,105,120]",[],[]
validation-base,f06f094,base,4,hard-camps-validation-v1-5,2,105,105,0,0,0,0,0,"[134,107,105,120]","[134,107,105,120]","[{""round"":3,""playerId"":2,""cardId"":""camp_4_1"",""coordinate"":""F4""},{""round"":3,""playerId"":2,""cardId"":""camp_5_1"",""coordinate"":null},{""round"":4,""playerId"":2,""cardId"":""camp_3_1"",""coordinate"":""A3""},{""round"":4,""playerId"":2,""cardId"":""camp_5_1"",""coordinate"":null}]","[{""round"":3,""playerId"":2,""cardId"":""camp_4_1"",""coordinate"":""F4""},{""round"":3,""playerId"":2,""cardId"":""camp_5_1"",""coordinate"":""A8""},{""round"":4,""playerId"":2,""cardId"":""camp_3_1"",""coordinate"":""A3""}]"
validation-base,f06f094,base,4,hard-camps-validation-v1-5,3,120,120,0,0,0,0,0,"[134,107,105,120]","[134,107,105,120]","[{""round"":3,""playerId"":3,""cardId"":""camp_1_1"",""coordinate"":""E1""}]","[{""round"":3,""playerId"":3,""cardId"":""camp_1_1"",""coordinate"":""E1""}]"
validation-base,f06f094,base,4,hard-camps-validation-v1-6,0,161,161,0,0,0,0,0,"[161,173,109,126]","[161,173,109,126]","[{""round"":2,""playerId"":0,""cardId"":""camp_1_1"",""coordinate"":""G4""},{""round"":3,""playerId"":0,""cardId"":""camp_5_1"",""coordinate"":""G6""}]","[{""round"":2,""playerId"":0,""cardId"":""camp_1_1"",""coordinate"":""G4""},{""round"":3,""playerId"":0,""cardId"":""camp_5_1"",""coordinate"":""G6""}]"
validation-base,f06f094,base,4,hard-camps-validation-v1-6,1,173,173,0,1,1,0,0,"[161,173,109,126]","[161,173,109,126]","[{""round"":1,""playerId"":1,""cardId"":""camp_4_1"",""coordinate"":""E9""}]","[{""round"":1,""playerId"":1,""cardId"":""camp_4_1"",""coordinate"":""E9""}]"
validation-base,f06f094,base,4,hard-camps-validation-v1-6,2,109,109,0,0,0,0,0,"[161,173,109,126]","[161,173,109,126]","[{""round"":3,""playerId"":2,""cardId"":""camp_2_1"",""coordinate"":""E1""},{""round"":3,""playerId"":2,""cardId"":""camp_3_1"",""coordinate"":""J6""}]","[{""round"":3,""playerId"":2,""cardId"":""camp_2_1"",""coordinate"":""E1""},{""round"":3,""playerId"":2,""cardId"":""camp_3_1"",""coordinate"":""J6""}]"
validation-base,f06f094,base,4,hard-camps-validation-v1-6,3,126,126,0,0,0,0,0,"[161,173,109,126]","[161,173,109,126]",[],[]
validation-base,f06f094,base,4,hard-camps-validation-v1-7,0,122,122,0,0,0,0,0,"[122,116,91,151]","[122,116,91,151]","[{""round"":4,""playerId"":0,""cardId"":""camp_2_1"",""coordinate"":""H10""},{""round"":4,""playerId"":0,""cardId"":""camp_4_1"",""coordinate"":""A6""}]","[{""round"":4,""playerId"":0,""cardId"":""camp_2_1"",""coordinate"":""H10""},{""round"":4,""playerId"":0,""cardId"":""camp_4_1"",""coordinate"":""A6""}]"
validation-base,f06f094,base,4,hard-camps-validation-v1-7,1,116,116,0,0,0,0,0,"[122,116,91,151]","[122,116,91,151]","[{""round"":4,""playerId"":1,""cardId"":""camp_1_1"",""coordinate"":""D4""}]","[{""round"":4,""playerId"":1,""cardId"":""camp_1_1"",""coordinate"":""D4""}]"
validation-base,f06f094,base,4,hard-camps-validation-v1-7,2,91,91,0,0,0,0,0,"[122,116,91,151]","[122,116,91,151]","[{""round"":3,""playerId"":2,""cardId"":""camp_5_1"",""coordinate"":""F1""}]","[{""round"":3,""playerId"":2,""cardId"":""camp_5_1"",""coordinate"":""F1""}]"
validation-base,f06f094,base,4,hard-camps-validation-v1-7,3,151,151,0,1,1,0,0,"[122,116,91,151]","[122,116,91,151]","[{""round"":1,""playerId"":3,""cardId"":""camp_3_1"",""coordinate"":""H4""},{""round"":3,""playerId"":3,""cardId"":""camp_6_1"",""coordinate"":""C5""}]","[{""round"":1,""playerId"":3,""cardId"":""camp_3_1"",""coordinate"":""H4""},{""round"":3,""playerId"":3,""cardId"":""camp_6_1"",""coordinate"":""C5""}]"
validation-base,f06f094,base,4,hard-camps-validation-v1-8,0,90,90,0,0,0,0,0,"[90,126,134,127]","[90,126,134,127]","[{""round"":3,""playerId"":0,""cardId"":""camp_3_1"",""coordinate"":""G3""}]","[{""round"":3,""playerId"":0,""cardId"":""camp_3_1"",""coordinate"":""G3""}]"
validation-base,f06f094,base,4,hard-camps-validation-v1-8,1,126,126,0,0,0,0,0,"[90,126,134,127]","[90,126,134,127]",[],[]
validation-base,f06f094,base,4,hard-camps-validation-v1-8,2,134,134,0,1,1,0,0,"[90,126,134,127]","[90,126,134,127]","[{""round"":1,""playerId"":2,""cardId"":""camp_5_1"",""coordinate"":null},{""round"":2,""playerId"":2,""cardId"":""camp_5_1"",""coordinate"":""F9""},{""round"":4,""playerId"":2,""cardId"":""camp_2_1"",""coordinate"":""A6""}]","[{""round"":1,""playerId"":2,""cardId"":""camp_5_1"",""coordinate"":null},{""round"":2,""playerId"":2,""cardId"":""camp_5_1"",""coordinate"":""F9""},{""round"":4,""playerId"":2,""cardId"":""camp_2_1"",""coordinate"":""A6""}]"
validation-base,f06f094,base,4,hard-camps-validation-v1-8,3,127,127,0,0,0,0,0,"[90,126,134,127]","[90,126,134,127]","[{""round"":3,""playerId"":3,""cardId"":""camp_1_1"",""coordinate"":""J8""},{""round"":4,""playerId"":3,""cardId"":""camp_6_1"",""coordinate"":""D2""}]","[{""round"":3,""playerId"":3,""cardId"":""camp_1_1"",""coordinate"":""J8""},{""round"":4,""playerId"":3,""cardId"":""camp_6_1"",""coordinate"":""D2""}]"
validation-base,f06f094,base,4,hard-camps-validation-v1-9,0,126,126,0,0,0,0,0,"[126,108,167,110]","[126,108,167,110]","[{""round"":1,""playerId"":0,""cardId"":""camp_4_1"",""coordinate"":""J2""}]","[{""round"":1,""playerId"":0,""cardId"":""camp_4_1"",""coordinate"":""J2""}]"
validation-base,f06f094,base,4,hard-camps-validation-v1-9,1,124,108,19,0,0,0,0,"[104,124,164,114]","[126,108,167,110]","[{""round"":1,""playerId"":1,""cardId"":""camp_5_1"",""coordinate"":null},{""round"":2,""playerId"":1,""cardId"":""camp_5_1"",""coordinate"":""J6""}]","[{""round"":1,""playerId"":1,""cardId"":""camp_5_1"",""coordinate"":""A8""},{""round"":4,""playerId"":1,""cardId"":""camp_1_1"",""coordinate"":""B1""}]"
validation-base,f06f094,base,4,hard-camps-validation-v1-9,2,167,167,0,1,1,0,0,"[126,108,167,110]","[126,108,167,110]","[{""round"":2,""playerId"":2,""cardId"":""camp_2_1"",""coordinate"":""C5""}]","[{""round"":2,""playerId"":2,""cardId"":""camp_2_1"",""coordinate"":""C5""}]"
validation-base,f06f094,base,4,hard-camps-validation-v1-9,3,114,110,4,0,0,0,0,"[122,115,167,114]","[126,108,167,110]","[{""round"":3,""playerId"":3,""cardId"":""camp_3_1"",""coordinate"":""F5""},{""round"":3,""playerId"":3,""cardId"":""camp_6_1"",""coordinate"":null},{""round"":4,""playerId"":3,""cardId"":""camp_6_1"",""coordinate"":""H2""}]","[{""round"":3,""playerId"":3,""cardId"":""camp_3_1"",""coordinate"":""F5""},{""round"":3,""playerId"":3,""cardId"":""camp_6_1"",""coordinate"":""A6""}]"
validation-sky,f06f094,in_the_sky,3,hard-camps-validation-v1-0,0,278,278,0,0,0,0,0,"[278,391,358]","[278,391,358]","[{""round"":1,""playerId"":0,""cardId"":""camp_2_1"",""coordinate"":""I10""},{""round"":2,""playerId"":0,""cardId"":""camp_1_1"",""coordinate"":""H4""},{""round"":4,""playerId"":0,""cardId"":""camp_3_1"",""coordinate"":""E7""}]","[{""round"":1,""playerId"":0,""cardId"":""camp_2_1"",""coordinate"":""I10""},{""round"":2,""playerId"":0,""cardId"":""camp_1_1"",""coordinate"":""H4""},{""round"":4,""playerId"":0,""cardId"":""camp_3_1"",""coordinate"":""E7""}]"
validation-sky,f06f094,in_the_sky,3,hard-camps-validation-v1-0,1,391,391,0,1,1,0,0,"[278,391,358]","[278,391,358]","[{""round"":2,""playerId"":1,""cardId"":""camp_5_1"",""coordinate"":""J5""},{""round"":4,""playerId"":1,""cardId"":""camp_4_1"",""coordinate"":""D1""}]","[{""round"":2,""playerId"":1,""cardId"":""camp_5_1"",""coordinate"":""J5""},{""round"":4,""playerId"":1,""cardId"":""camp_4_1"",""coordinate"":""D1""}]"
validation-sky,f06f094,in_the_sky,3,hard-camps-validation-v1-0,2,358,358,0,0,0,0,0,"[278,391,358]","[278,391,358]","[{""round"":3,""playerId"":2,""cardId"":""camp_6_1"",""coordinate"":""C5-3""}]","[{""round"":3,""playerId"":2,""cardId"":""camp_6_1"",""coordinate"":""C5-3""}]"
validation-sky,f06f094,in_the_sky,3,hard-camps-validation-v1-1,0,281,281,0,0,0,0,0,"[281,323,370]","[281,323,370]","[{""round"":2,""playerId"":0,""cardId"":""camp_5_1"",""coordinate"":""C7""}]","[{""round"":2,""playerId"":0,""cardId"":""camp_5_1"",""coordinate"":""C7""}]"
validation-sky,f06f094,in_the_sky,3,hard-camps-validation-v1-1,1,336,323,13,0,0,0,0,"[281,336,370]","[281,323,370]","[{""round"":3,""playerId"":1,""cardId"":""camp_4_1"",""coordinate"":null},{""round"":4,""playerId"":1,""cardId"":""camp_4_1"",""coordinate"":""G8""}]","[{""round"":3,""playerId"":1,""cardId"":""camp_4_1"",""coordinate"":""C1-2""}]"
validation-sky,f06f094,in_the_sky,3,hard-camps-validation-v1-1,2,370,370,0,1,1,0,0,"[281,323,370]","[281,323,370]","[{""round"":3,""playerId"":2,""cardId"":""camp_1_1"",""coordinate"":""C5-3""},{""round"":4,""playerId"":2,""cardId"":""camp_2_1"",""coordinate"":""E8""}]","[{""round"":3,""playerId"":2,""cardId"":""camp_1_1"",""coordinate"":""C5-3""},{""round"":4,""playerId"":2,""cardId"":""camp_2_1"",""coordinate"":""E8""}]"
validation-sky,f06f094,in_the_sky,3,hard-camps-validation-v1-10,0,339,339,0,0,0,0,0,"[339,343,298]","[339,343,298]","[{""round"":3,""playerId"":0,""cardId"":""camp_3_1"",""coordinate"":""J2""}]","[{""round"":3,""playerId"":0,""cardId"":""camp_3_1"",""coordinate"":""J2""}]"
validation-sky,f06f094,in_the_sky,3,hard-camps-validation-v1-10,1,343,343,0,1,1,0,0,"[339,343,298]","[339,343,298]","[{""round"":1,""playerId"":1,""cardId"":""camp_1_1"",""coordinate"":""I10""},{""round"":2,""playerId"":1,""cardId"":""camp_5_1"",""coordinate"":""D10""},{""round"":2,""playerId"":1,""cardId"":""camp_6_1"",""coordinate"":""B10""}]","[{""round"":1,""playerId"":1,""cardId"":""camp_1_1"",""coordinate"":""I10""},{""round"":2,""playerId"":1,""cardId"":""camp_5_1"",""coordinate"":""D10""},{""round"":2,""playerId"":1,""cardId"":""camp_6_1"",""coordinate"":""B10""}]"
validation-sky,f06f094,in_the_sky,3,hard-camps-validation-v1-10,2,298,298,0,0,0,0,0,"[339,343,298]","[339,343,298]","[{""round"":2,""playerId"":2,""cardId"":""camp_4_1"",""coordinate"":""G6""},{""round"":4,""playerId"":2,""cardId"":""camp_2_1"",""coordinate"":""H1""}]","[{""round"":2,""playerId"":2,""cardId"":""camp_4_1"",""coordinate"":""G6""},{""round"":4,""playerId"":2,""cardId"":""camp_2_1"",""coordinate"":""H1""}]"
validation-sky,f06f094,in_the_sky,3,hard-camps-validation-v1-11,0,362,362,0,1,1,0,0,"[362,272,262]","[362,272,262]","[{""round"":1,""playerId"":0,""cardId"":""camp_3_1"",""coordinate"":""C4""},{""round"":3,""playerId"":0,""cardId"":""camp_5_1"",""coordinate"":""I8""}]","[{""round"":1,""playerId"":0,""cardId"":""camp_3_1"",""coordinate"":""C4""},{""round"":3,""playerId"":0,""cardId"":""camp_5_1"",""coordinate"":""I8""}]"
validation-sky,f06f094,in_the_sky,3,hard-camps-validation-v1-11,1,272,272,0,0,0,0,0,"[362,272,262]","[362,272,262]","[{""round"":2,""playerId"":1,""cardId"":""camp_6_1"",""coordinate"":""C3-7""},{""round"":4,""playerId"":1,""cardId"":""camp_1_1"",""coordinate"":""A1""}]","[{""round"":2,""playerId"":1,""cardId"":""camp_6_1"",""coordinate"":""C3-7""},{""round"":4,""playerId"":1,""cardId"":""camp_1_1"",""coordinate"":""A1""}]"
validation-sky,f06f094,in_the_sky,3,hard-camps-validation-v1-11,2,262,262,0,0,0,0,0,"[362,272,262]","[362,272,262]","[{""round"":1,""playerId"":2,""cardId"":""camp_4_1"",""coordinate"":""D10""},{""round"":4,""playerId"":2,""cardId"":""camp_2_1"",""coordinate"":""I10""}]","[{""round"":1,""playerId"":2,""cardId"":""camp_4_1"",""coordinate"":""D10""},{""round"":4,""playerId"":2,""cardId"":""camp_2_1"",""coordinate"":""I10""}]"
validation-sky,f06f094,in_the_sky,3,hard-camps-validation-v1-12,0,300,300,0,0,0,0,0,"[300,324,304]","[300,324,304]","[{""round"":1,""playerId"":0,""cardId"":""camp_1_1"",""coordinate"":""F5""},{""round"":1,""playerId"":0,""cardId"":""camp_2_1"",""coordinate"":""J2""}]","[{""round"":1,""playerId"":0,""cardId"":""camp_1_1"",""coordinate"":""F5""},{""round"":1,""playerId"":0,""cardId"":""camp_2_1"",""coordinate"":""J2""}]"
validation-sky,f06f094,in_the_sky,3,hard-camps-validation-v1-12,1,324,324,0,1,1,0,0,"[300,324,304]","[300,324,304]","[{""round"":1,""playerId"":1,""cardId"":""camp_5_1"",""coordinate"":""I4""}]","[{""round"":1,""playerId"":1,""cardId"":""camp_5_1"",""coordinate"":""I4""}]"
validation-sky,f06f094,in_the_sky,3,hard-camps-validation-v1-12,2,304,304,0,0,0,0,0,"[300,324,304]","[300,324,304]","[{""round"":1,""playerId"":2,""cardId"":""camp_6_1"",""coordinate"":""J6""},{""round"":4,""playerId"":2,""cardId"":""camp_3_1"",""coordinate"":""C10""}]","[{""round"":1,""playerId"":2,""cardId"":""camp_6_1"",""coordinate"":""J6""},{""round"":4,""playerId"":2,""cardId"":""camp_3_1"",""coordinate"":""C10""}]"
validation-sky,f06f094,in_the_sky,3,hard-camps-validation-v1-13,0,337,370,-32,1,1,0,0,"[337,274,292]","[370,293,290]","[{""round"":1,""playerId"":0,""cardId"":""camp_1_1"",""coordinate"":""D4""},{""round"":2,""playerId"":0,""cardId"":""camp_4_1"",""coordinate"":null},{""round"":3,""playerId"":0,""cardId"":""camp_4_1"",""coordinate"":""H2""}]","[{""round"":1,""playerId"":0,""cardId"":""camp_1_1"",""coordinate"":""D4""},{""round"":2,""playerId"":0,""cardId"":""camp_4_1"",""coordinate"":""C5-3""}]"
validation-sky,f06f094,in_the_sky,3,hard-camps-validation-v1-13,1,300,293,31,0,0,0,0,"[346,300,298]","[370,293,290]","[{""round"":1,""playerId"":1,""cardId"":""camp_6_1"",""coordinate"":""D10""},{""round"":3,""playerId"":1,""cardId"":""camp_3_1"",""coordinate"":null},{""round"":4,""playerId"":1,""cardId"":""camp_3_1"",""coordinate"":""G1""}]","[{""round"":1,""playerId"":1,""cardId"":""camp_6_1"",""coordinate"":""D10""},{""round"":3,""playerId"":1,""cardId"":""camp_3_1"",""coordinate"":""A8""},{""round"":4,""playerId"":1,""cardId"":""camp_2_1"",""coordinate"":""B1""}]"
validation-sky,f06f094,in_the_sky,3,hard-camps-validation-v1-13,2,290,290,0,0,0,0,0,"[370,293,290]","[370,293,290]","[{""round"":4,""playerId"":2,""cardId"":""camp_5_1"",""coordinate"":""J6""}]","[{""round"":4,""playerId"":2,""cardId"":""camp_5_1"",""coordinate"":""J6""}]"
validation-sky,f06f094,in_the_sky,3,hard-camps-validation-v1-14,0,409,409,0,1,1,0,0,"[409,270,363]","[409,270,363]",[],[]
validation-sky,f06f094,in_the_sky,3,hard-camps-validation-v1-14,1,270,270,0,0,0,0,0,"[409,270,363]","[409,270,363]","[{""round"":3,""playerId"":1,""cardId"":""camp_2_1"",""coordinate"":""C3-7""},{""round"":4,""playerId"":1,""cardId"":""camp_4_1"",""coordinate"":""F5""}]","[{""round"":3,""playerId"":1,""cardId"":""camp_2_1"",""coordinate"":""C3-7""},{""round"":4,""playerId"":1,""cardId"":""camp_4_1"",""coordinate"":""F5""}]"
validation-sky,f06f094,in_the_sky,3,hard-camps-validation-v1-14,2,363,363,0,0,0,0,0,"[409,270,363]","[409,270,363]","[{""round"":2,""playerId"":2,""cardId"":""camp_5_1"",""coordinate"":""I4""},{""round"":3,""playerId"":2,""cardId"":""camp_1_1"",""coordinate"":""C4-2""},{""round"":3,""playerId"":2,""cardId"":""camp_6_1"",""coordinate"":""C5-3""},{""round"":4,""playerId"":2,""cardId"":""camp_3_1"",""coordinate"":""A6""}]","[{""round"":2,""playerId"":2,""cardId"":""camp_5_1"",""coordinate"":""I4""},{""round"":3,""playerId"":2,""cardId"":""camp_1_1"",""coordinate"":""C4-2""},{""round"":3,""playerId"":2,""cardId"":""camp_6_1"",""coordinate"":""C5-3""},{""round"":4,""playerId"":2,""cardId"":""camp_3_1"",""coordinate"":""A6""}]"
validation-sky,f06f094,in_the_sky,3,hard-camps-validation-v1-15,0,379,379,0,1,1,1,1,"[379,320,320]","[379,320,320]","[{""round"":4,""playerId"":0,""cardId"":""camp_2_1"",""coordinate"":""B4""}]","[{""round"":4,""playerId"":0,""cardId"":""camp_2_1"",""coordinate"":""B4""}]"
validation-sky,f06f094,in_the_sky,3,hard-camps-validation-v1-15,1,320,320,0,0,0,1,1,"[379,320,320]","[379,320,320]","[{""round"":1,""playerId"":1,""cardId"":""camp_6_1"",""coordinate"":""A7""},{""round"":3,""playerId"":1,""cardId"":""camp_3_1"",""coordinate"":""E9""},{""round"":4,""playerId"":1,""cardId"":""camp_1_1"",""coordinate"":""A5""}]","[{""round"":1,""playerId"":1,""cardId"":""camp_6_1"",""coordinate"":""A7""},{""round"":3,""playerId"":1,""cardId"":""camp_3_1"",""coordinate"":""E9""},{""round"":4,""playerId"":1,""cardId"":""camp_1_1"",""coordinate"":""A5""}]"
validation-sky,f06f094,in_the_sky,3,hard-camps-validation-v1-15,2,320,320,0,0,0,1,1,"[379,320,320]","[379,320,320]","[{""round"":2,""playerId"":2,""cardId"":""camp_5_1"",""coordinate"":""C7""},{""round"":3,""playerId"":2,""cardId"":""camp_4_1"",""coordinate"":""C5-7""}]","[{""round"":2,""playerId"":2,""cardId"":""camp_5_1"",""coordinate"":""C7""},{""round"":3,""playerId"":2,""cardId"":""camp_4_1"",""coordinate"":""C5-7""}]"
validation-sky,f06f094,in_the_sky,3,hard-camps-validation-v1-16,0,296,296,0,1,1,0,0,"[296,290,278]","[296,290,278]","[{""round"":2,""playerId"":0,""cardId"":""camp_3_1"",""coordinate"":""A8""},{""round"":3,""playerId"":0,""cardId"":""camp_2_1"",""coordinate"":""B10""}]","[{""round"":2,""playerId"":0,""cardId"":""camp_3_1"",""coordinate"":""A8""},{""round"":3,""playerId"":0,""cardId"":""camp_2_1"",""coordinate"":""B10""}]"
validation-sky,f06f094,in_the_sky,3,hard-camps-validation-v1-16,1,290,290,0,0,0,0,0,"[296,290,278]","[296,290,278]","[{""round"":2,""playerId"":1,""cardId"":""camp_6_1"",""coordinate"":""C4-2""},{""round"":3,""playerId"":1,""cardId"":""camp_5_1"",""coordinate"":""C1-3""}]","[{""round"":2,""playerId"":1,""cardId"":""camp_6_1"",""coordinate"":""C4-2""},{""round"":3,""playerId"":1,""cardId"":""camp_5_1"",""coordinate"":""C1-3""}]"
validation-sky,f06f094,in_the_sky,3,hard-camps-validation-v1-16,2,278,278,0,0,0,0,0,"[296,290,278]","[296,290,278]","[{""round"":3,""playerId"":2,""cardId"":""camp_1_1"",""coordinate"":""A2""}]","[{""round"":3,""playerId"":2,""cardId"":""camp_1_1"",""coordinate"":""A2""}]"
validation-sky,f06f094,in_the_sky,3,hard-camps-validation-v1-17,0,366,387,-1,1,1,0,0,"[366,358,326]","[387,378,325]","[{""round"":1,""playerId"":0,""cardId"":""camp_6_1"",""coordinate"":null},{""round"":2,""playerId"":0,""cardId"":""camp_6_1"",""coordinate"":""F4""}]","[{""round"":1,""playerId"":0,""cardId"":""camp_6_1"",""coordinate"":""B5""}]"
validation-sky,f06f094,in_the_sky,3,hard-camps-validation-v1-17,1,378,378,0,0,0,0,0,"[387,378,325]","[387,378,325]","[{""round"":3,""playerId"":1,""cardId"":""camp_1_1"",""coordinate"":""C5-3""}]","[{""round"":3,""playerId"":1,""cardId"":""camp_1_1"",""coordinate"":""C5-3""}]"
validation-sky,f06f094,in_the_sky,3,hard-camps-validation-v1-17,2,325,325,0,0,0,0,0,"[387,378,325]","[387,378,325]","[{""round"":1,""playerId"":2,""cardId"":""camp_4_1"",""coordinate"":""D10""},{""round"":3,""playerId"":2,""cardId"":""camp_2_1"",""coordinate"":""J6""}]","[{""round"":1,""playerId"":2,""cardId"":""camp_4_1"",""coordinate"":""D10""},{""round"":3,""playerId"":2,""cardId"":""camp_2_1"",""coordinate"":""J6""}]"
validation-sky,f06f094,in_the_sky,3,hard-camps-validation-v1-18,0,361,361,0,1,1,0,0,"[361,349,290]","[361,349,290]",[],[]
validation-sky,f06f094,in_the_sky,3,hard-camps-validation-v1-18,1,349,349,0,0,0,0,0,"[361,349,290]","[361,349,290]","[{""round"":2,""playerId"":1,""cardId"":""camp_2_1"",""coordinate"":""A7""}]","[{""round"":2,""playerId"":1,""cardId"":""camp_2_1"",""coordinate"":""A7""}]"
validation-sky,f06f094,in_the_sky,3,hard-camps-validation-v1-18,2,290,290,0,0,0,0,0,"[361,349,290]","[361,349,290]","[{""round"":1,""playerId"":2,""cardId"":""camp_1_1"",""coordinate"":""J6""},{""round"":3,""playerId"":2,""cardId"":""camp_4_1"",""coordinate"":""F4""},{""round"":4,""playerId"":2,""cardId"":""camp_5_1"",""coordinate"":""C2""},{""round"":4,""playerId"":2,""cardId"":""camp_6_1"",""coordinate"":""D8""}]","[{""round"":1,""playerId"":2,""cardId"":""camp_1_1"",""coordinate"":""J6""},{""round"":3,""playerId"":2,""cardId"":""camp_4_1"",""coordinate"":""F4""},{""round"":4,""playerId"":2,""cardId"":""camp_5_1"",""coordinate"":""C2""},{""round"":4,""playerId"":2,""cardId"":""camp_6_1"",""coordinate"":""D8""}]"
validation-sky,f06f094,in_the_sky,3,hard-camps-validation-v1-19,0,281,281,0,0,0,0,0,"[281,325,363]","[281,325,363]","[{""round"":1,""playerId"":0,""cardId"":""camp_1_1"",""coordinate"":""F9""},{""round"":4,""playerId"":0,""cardId"":""camp_4_1"",""coordinate"":""F7""}]","[{""round"":1,""playerId"":0,""cardId"":""camp_1_1"",""coordinate"":""F9""},{""round"":4,""playerId"":0,""cardId"":""camp_4_1"",""coordinate"":""F7""}]"
validation-sky,f06f094,in_the_sky,3,hard-camps-validation-v1-19,1,325,325,0,0,0,0,0,"[281,325,363]","[281,325,363]",[],[]
validation-sky,f06f094,in_the_sky,3,hard-camps-validation-v1-19,2,363,363,0,1,1,0,0,"[281,325,363]","[281,325,363]","[{""round"":3,""playerId"":2,""cardId"":""camp_5_1"",""coordinate"":""C4-2""},{""round"":3,""playerId"":2,""cardId"":""camp_6_1"",""coordinate"":""C5-1""}]","[{""round"":3,""playerId"":2,""cardId"":""camp_5_1"",""coordinate"":""C4-2""},{""round"":3,""playerId"":2,""cardId"":""camp_6_1"",""coordinate"":""C5-1""}]"
validation-sky,f06f094,in_the_sky,3,hard-camps-validation-v1-2,0,331,331,0,1,1,1,1,"[331,322,322]","[331,322,322]",[],[]
validation-sky,f06f094,in_the_sky,3,hard-camps-validation-v1-2,1,321,322,-2,0,0,0,1,"[331,321,332]","[331,322,322]","[{""round"":1,""playerId"":1,""cardId"":""camp_1_1"",""coordinate"":""I10""},{""round"":2,""playerId"":1,""cardId"":""camp_4_1"",""coordinate"":null},{""round"":3,""playerId"":1,""cardId"":""camp_4_1"",""coordinate"":""F5""}]","[{""round"":1,""playerId"":1,""cardId"":""camp_1_1"",""coordinate"":""I10""},{""round"":2,""playerId"":1,""cardId"":""camp_4_1"",""coordinate"":""F5""}]"
validation-sky,f06f094,in_the_sky,3,hard-camps-validation-v1-2,2,356,322,48,1,0,0,1,"[317,313,356]","[331,322,322]","[{""round"":1,""playerId"":2,""cardId"":""camp_3_1"",""coordinate"":""C3-7""},{""round"":1,""playerId"":2,""cardId"":""camp_6_1"",""coordinate"":null},{""round"":2,""playerId"":2,""cardId"":""camp_6_1"",""coordinate"":""F1""}]","[{""round"":1,""playerId"":2,""cardId"":""camp_3_1"",""coordinate"":""C3-7""},{""round"":1,""playerId"":2,""cardId"":""camp_6_1"",""coordinate"":""C5-3""}]"
validation-sky,f06f094,in_the_sky,3,hard-camps-validation-v1-3,0,371,371,0,1,1,0,0,"[371,337,326]","[371,337,326]","[{""round"":3,""playerId"":0,""cardId"":""camp_6_1"",""coordinate"":""E8""},{""round"":4,""playerId"":0,""cardId"":""camp_3_1"",""coordinate"":""I10""}]","[{""round"":3,""playerId"":0,""cardId"":""camp_6_1"",""coordinate"":""E8""},{""round"":4,""playerId"":0,""cardId"":""camp_3_1"",""coordinate"":""I10""}]"
validation-sky,f06f094,in_the_sky,3,hard-camps-validation-v1-3,1,337,337,0,0,0,0,0,"[371,337,326]","[371,337,326]","[{""round"":2,""playerId"":1,""cardId"":""camp_4_1"",""coordinate"":""D4""}]","[{""round"":2,""playerId"":1,""cardId"":""camp_4_1"",""coordinate"":""D4""}]"
validation-sky,f06f094,in_the_sky,3,hard-camps-validation-v1-3,2,326,326,0,0,0,0,0,"[371,337,326]","[371,337,326]","[{""round"":1,""playerId"":2,""cardId"":""camp_5_1"",""coordinate"":""H2""},{""round"":4,""playerId"":2,""cardId"":""camp_1_1"",""coordinate"":""J6""}]","[{""round"":1,""playerId"":2,""cardId"":""camp_5_1"",""coordinate"":""H2""},{""round"":4,""playerId"":2,""cardId"":""camp_1_1"",""coordinate"":""J6""}]"
validation-sky,f06f094,in_the_sky,3,hard-camps-validation-v1-4,0,301,301,0,0,0,0,0,"[301,378,274]","[301,378,274]","[{""round"":3,""playerId"":0,""cardId"":""camp_2_1"",""coordinate"":""A2""}]","[{""round"":3,""playerId"":0,""cardId"":""camp_2_1"",""coordinate"":""A2""}]"
validation-sky,f06f094,in_the_sky,3,hard-camps-validation-v1-4,1,378,378,0,1,1,0,0,"[301,378,274]","[301,378,274]","[{""round"":1,""playerId"":1,""cardId"":""camp_3_1"",""coordinate"":""J6""},{""round"":3,""playerId"":1,""cardId"":""camp_5_1"",""coordinate"":""C3-3""}]","[{""round"":1,""playerId"":1,""cardId"":""camp_3_1"",""coordinate"":""J6""},{""round"":3,""playerId"":1,""cardId"":""camp_5_1"",""coordinate"":""C3-3""}]"
validation-sky,f06f094,in_the_sky,3,hard-camps-validation-v1-4,2,274,274,0,0,0,0,0,"[301,378,274]","[301,378,274]","[{""round"":3,""playerId"":2,""cardId"":""camp_4_1"",""coordinate"":""D7""}]","[{""round"":3,""playerId"":2,""cardId"":""camp_4_1"",""coordinate"":""D7""}]"
validation-sky,f06f094,in_the_sky,3,hard-camps-validation-v1-5,0,281,281,0,0,0,0,0,"[281,300,311]","[281,300,311]","[{""round"":3,""playerId"":0,""cardId"":""camp_2_1"",""coordinate"":""A1""},{""round"":3,""playerId"":0,""cardId"":""camp_4_1"",""coordinate"":""A10""},{""round"":4,""playerId"":0,""cardId"":""camp_6_1"",""coordinate"":""A6""}]","[{""round"":3,""playerId"":0,""cardId"":""camp_2_1"",""coordinate"":""A1""},{""round"":3,""playerId"":0,""cardId"":""camp_4_1"",""coordinate"":""A10""},{""round"":4,""playerId"":0,""cardId"":""camp_6_1"",""coordinate"":""A6""}]"
validation-sky,f06f094,in_the_sky,3,hard-camps-validation-v1-5,1,300,300,0,0,0,0,0,"[281,300,311]","[281,300,311]","[{""round"":4,""playerId"":1,""cardId"":""camp_5_1"",""coordinate"":""C5-1""}]","[{""round"":4,""playerId"":1,""cardId"":""camp_5_1"",""coordinate"":""C5-1""}]"
validation-sky,f06f094,in_the_sky,3,hard-camps-validation-v1-5,2,311,311,0,1,1,0,0,"[281,300,311]","[281,300,311]","[{""round"":1,""playerId"":2,""cardId"":""camp_1_1"",""coordinate"":""E3""},{""round"":4,""playerId"":2,""cardId"":""camp_3_1"",""coordinate"":""E1""}]","[{""round"":1,""playerId"":2,""cardId"":""camp_1_1"",""coordinate"":""E3""},{""round"":4,""playerId"":2,""cardId"":""camp_3_1"",""coordinate"":""E1""}]"
validation-sky,f06f094,in_the_sky,3,hard-camps-validation-v1-6,0,326,326,0,0,0,0,0,"[326,277,332]","[326,277,332]","[{""round"":2,""playerId"":0,""cardId"":""camp_2_1"",""coordinate"":""A8""}]","[{""round"":2,""playerId"":0,""cardId"":""camp_2_1"",""coordinate"":""A8""}]"
validation-sky,f06f094,in_the_sky,3,hard-camps-validation-v1-6,1,277,277,0,0,0,0,0,"[326,277,332]","[326,277,332]","[{""round"":2,""playerId"":1,""cardId"":""camp_6_1"",""coordinate"":""F9""},{""round"":3,""playerId"":1,""cardId"":""camp_4_1"",""coordinate"":""C4-2""}]","[{""round"":2,""playerId"":1,""cardId"":""camp_6_1"",""coordinate"":""F9""},{""round"":3,""playerId"":1,""cardId"":""camp_4_1"",""coordinate"":""C4-2""}]"
validation-sky,f06f094,in_the_sky,3,hard-camps-validation-v1-6,2,332,332,0,1,1,0,0,"[326,277,332]","[326,277,332]","[{""round"":2,""playerId"":2,""cardId"":""camp_1_1"",""coordinate"":""C4-3""},{""round"":4,""playerId"":2,""cardId"":""camp_5_1"",""coordinate"":""C4""}]","[{""round"":2,""playerId"":2,""cardId"":""camp_1_1"",""coordinate"":""C4-3""},{""round"":4,""playerId"":2,""cardId"":""camp_5_1"",""coordinate"":""C4""}]"
validation-sky,f06f094,in_the_sky,3,hard-camps-validation-v1-7,0,315,315,0,0,0,0,0,"[315,330,360]","[315,330,360]",[],[]
validation-sky,f06f094,in_the_sky,3,hard-camps-validation-v1-7,1,330,330,0,0,0,0,0,"[315,330,360]","[315,330,360]","[{""round"":1,""playerId"":1,""cardId"":""camp_2_1"",""coordinate"":""G7""},{""round"":2,""playerId"":1,""cardId"":""camp_5_1"",""coordinate"":""A3""},{""round"":4,""playerId"":1,""cardId"":""camp_1_1"",""coordinate"":""C9""}]","[{""round"":1,""playerId"":1,""cardId"":""camp_2_1"",""coordinate"":""G7""},{""round"":2,""playerId"":1,""cardId"":""camp_5_1"",""coordinate"":""A3""},{""round"":4,""playerId"":1,""cardId"":""camp_1_1"",""coordinate"":""C9""}]"
validation-sky,f06f094,in_the_sky,3,hard-camps-validation-v1-7,2,360,360,0,1,1,0,0,"[315,330,360]","[315,330,360]","[{""round"":1,""playerId"":2,""cardId"":""camp_3_1"",""coordinate"":""A9""},{""round"":2,""playerId"":2,""cardId"":""camp_4_1"",""coordinate"":""C3-5""},{""round"":4,""playerId"":2,""cardId"":""camp_6_1"",""coordinate"":""C3-7""}]","[{""round"":1,""playerId"":2,""cardId"":""camp_3_1"",""coordinate"":""A9""},{""round"":2,""playerId"":2,""cardId"":""camp_4_1"",""coordinate"":""C3-5""},{""round"":4,""playerId"":2,""cardId"":""camp_6_1"",""coordinate"":""C3-7""}]"
validation-sky,f06f094,in_the_sky,3,hard-camps-validation-v1-8,0,342,342,0,0,0,0,0,"[342,356,334]","[342,356,334]","[{""round"":3,""playerId"":0,""cardId"":""camp_6_1"",""coordinate"":""A6""}]","[{""round"":3,""playerId"":0,""cardId"":""camp_6_1"",""coordinate"":""A6""}]"
validation-sky,f06f094,in_the_sky,3,hard-camps-validation-v1-8,1,356,356,0,1,1,0,0,"[342,356,334]","[342,356,334]","[{""round"":1,""playerId"":1,""cardId"":""camp_1_1"",""coordinate"":""J10""},{""round"":4,""playerId"":1,""cardId"":""camp_2_1"",""coordinate"":""C3-3""},{""round"":4,""playerId"":1,""cardId"":""camp_5_1"",""coordinate"":""D4""}]","[{""round"":1,""playerId"":1,""cardId"":""camp_1_1"",""coordinate"":""J10""},{""round"":4,""playerId"":1,""cardId"":""camp_2_1"",""coordinate"":""C3-3""},{""round"":4,""playerId"":1,""cardId"":""camp_5_1"",""coordinate"":""D4""}]"
validation-sky,f06f094,in_the_sky,3,hard-camps-validation-v1-8,2,334,334,0,0,0,0,0,"[342,356,334]","[342,356,334]",[],[]
validation-sky,f06f094,in_the_sky,3,hard-camps-validation-v1-9,0,366,343,27,1,0,0,0,"[366,321,348]","[343,352,337]","[{""round"":1,""playerId"":0,""cardId"":""camp_4_1"",""coordinate"":null},{""round"":2,""playerId"":0,""cardId"":""camp_4_1"",""coordinate"":""C3-3""}]","[{""round"":1,""playerId"":0,""cardId"":""camp_4_1"",""coordinate"":""A8""}]"
validation-sky,f06f094,in_the_sky,3,hard-camps-validation-v1-9,1,352,352,0,1,1,0,0,"[343,352,337]","[343,352,337]","[{""round"":1,""playerId"":1,""cardId"":""camp_3_1"",""coordinate"":""E8""}]","[{""round"":1,""playerId"":1,""cardId"":""camp_3_1"",""coordinate"":""E8""}]"
validation-sky,f06f094,in_the_sky,3,hard-camps-validation-v1-9,2,337,337,0,0,0,0,0,"[343,352,337]","[343,352,337]","[{""round"":2,""playerId"":2,""cardId"":""camp_2_1"",""coordinate"":""B5""},{""round"":3,""playerId"":2,""cardId"":""camp_5_1"",""coordinate"":""C3-3""},{""round"":4,""playerId"":2,""cardId"":""camp_6_1"",""coordinate"":""D10""}]","[{""round"":2,""playerId"":2,""cardId"":""camp_2_1"",""coordinate"":""B5""},{""round"":3,""playerId"":2,""cardId"":""camp_5_1"",""coordinate"":""C3-3""},{""round"":4,""playerId"":2,""cardId"":""camp_6_1"",""coordinate"":""D10""}]"
validation-sky,f06f094,in_the_sky,4,hard-camps-validation-v1-0,0,172,172,0,0,0,0,0,"[172,265,284,207]","[172,265,284,207]","[{""round"":1,""playerId"":0,""cardId"":""camp_2_1"",""coordinate"":""J9""},{""round"":2,""playerId"":0,""cardId"":""camp_1_1"",""coordinate"":""J5""},{""round"":4,""playerId"":0,""cardId"":""camp_4_1"",""coordinate"":""D8""}]","[{""round"":1,""playerId"":0,""cardId"":""camp_2_1"",""coordinate"":""J9""},{""round"":2,""playerId"":0,""cardId"":""camp_1_1"",""coordinate"":""J5""},{""round"":4,""playerId"":0,""cardId"":""camp_4_1"",""coordinate"":""D8""}]"
validation-sky,f06f094,in_the_sky,4,hard-camps-validation-v1-0,1,265,265,0,0,0,0,0,"[172,265,284,207]","[172,265,284,207]","[{""round"":3,""playerId"":1,""cardId"":""camp_3_1"",""coordinate"":""C4-2""}]","[{""round"":3,""playerId"":1,""cardId"":""camp_3_1"",""coordinate"":""C4-2""}]"
validation-sky,f06f094,in_the_sky,4,hard-camps-validation-v1-0,2,284,284,0,1,1,0,0,"[172,265,284,207]","[172,265,284,207]","[{""round"":2,""playerId"":2,""cardId"":""camp_5_1"",""coordinate"":""C4-3""},{""round"":3,""playerId"":2,""cardId"":""camp_6_1"",""coordinate"":""C3""}]","[{""round"":2,""playerId"":2,""cardId"":""camp_5_1"",""coordinate"":""C4-3""},{""round"":3,""playerId"":2,""cardId"":""camp_6_1"",""coordinate"":""C3""}]"
validation-sky,f06f094,in_the_sky,4,hard-camps-validation-v1-0,3,207,207,0,0,0,0,0,"[172,265,284,207]","[172,265,284,207]",[],[]
validation-sky,f06f094,in_the_sky,4,hard-camps-validation-v1-1,0,216,216,0,0,0,0,0,"[216,207,218,269]","[216,207,218,269]","[{""round"":2,""playerId"":0,""cardId"":""camp_5_1"",""coordinate"":""J10""},{""round"":3,""playerId"":0,""cardId"":""camp_4_1"",""coordinate"":""B5""}]","[{""round"":2,""playerId"":0,""cardId"":""camp_5_1"",""coordinate"":""J10""},{""round"":3,""playerId"":0,""cardId"":""camp_4_1"",""coordinate"":""B5""}]"
validation-sky,f06f094,in_the_sky,4,hard-camps-validation-v1-1,1,207,207,0,0,0,0,0,"[216,207,218,269]","[216,207,218,269]",[],[]
validation-sky,f06f094,in_the_sky,4,hard-camps-validation-v1-1,2,218,218,0,0,0,0,0,"[216,207,218,269]","[216,207,218,269]","[{""round"":3,""playerId"":2,""cardId"":""camp_1_1"",""coordinate"":""E8""}]","[{""round"":3,""playerId"":2,""cardId"":""camp_1_1"",""coordinate"":""E8""}]"
validation-sky,f06f094,in_the_sky,4,hard-camps-validation-v1-1,3,269,269,0,1,1,0,0,"[216,207,218,269]","[216,207,218,269]","[{""round"":4,""playerId"":3,""cardId"":""camp_2_1"",""coordinate"":""I8""}]","[{""round"":4,""playerId"":3,""cardId"":""camp_2_1"",""coordinate"":""I8""}]"
validation-sky,f06f094,in_the_sky,4,hard-camps-validation-v1-10,0,277,277,0,1,1,0,0,"[277,223,206,178]","[277,223,206,178]","[{""round"":3,""playerId"":0,""cardId"":""camp_3_1"",""coordinate"":""F5""}]","[{""round"":3,""playerId"":0,""cardId"":""camp_3_1"",""coordinate"":""F5""}]"
validation-sky,f06f094,in_the_sky,4,hard-camps-validation-v1-10,1,223,223,0,0,0,0,0,"[277,223,206,178]","[277,223,206,178]","[{""round"":1,""playerId"":1,""cardId"":""camp_6_1"",""coordinate"":""I10""}]","[{""round"":1,""playerId"":1,""cardId"":""camp_6_1"",""coordinate"":""I10""}]"
validation-sky,f06f094,in_the_sky,4,hard-camps-validation-v1-10,2,206,206,0,0,0,0,0,"[277,223,206,178]","[277,223,206,178]","[{""round"":1,""playerId"":2,""cardId"":""camp_1_1"",""coordinate"":""C5-3""},{""round"":2,""playerId"":2,""cardId"":""camp_5_1"",""coordinate"":""C2-2""},{""round"":4,""playerId"":2,""cardId"":""camp_2_1"",""coordinate"":""E7""}]","[{""round"":1,""playerId"":2,""cardId"":""camp_1_1"",""coordinate"":""C5-3""},{""round"":2,""playerId"":2,""cardId"":""camp_5_1"",""coordinate"":""C2-2""},{""round"":4,""playerId"":2,""cardId"":""camp_2_1"",""coordinate"":""E7""}]"
validation-sky,f06f094,in_the_sky,4,hard-camps-validation-v1-10,3,178,178,0,0,0,0,0,"[277,223,206,178]","[277,223,206,178]","[{""round"":2,""playerId"":3,""cardId"":""camp_4_1"",""coordinate"":""E1""}]","[{""round"":2,""playerId"":3,""cardId"":""camp_4_1"",""coordinate"":""E1""}]"
validation-sky,f06f094,in_the_sky,4,hard-camps-validation-v1-11,0,208,199,10,0,0,0,0,"[208,235,223,255]","[199,241,256,256]","[{""round"":3,""playerId"":0,""cardId"":""camp_2_1"",""coordinate"":null},{""round"":4,""playerId"":0,""cardId"":""camp_2_1"",""coordinate"":""E8""}]","[{""round"":3,""playerId"":0,""cardId"":""camp_2_1"",""coordinate"":""A6""}]"
validation-sky,f06f094,in_the_sky,4,hard-camps-validation-v1-11,1,183,241,-52,0,0,0,0,"[182,183,229,250]","[199,241,256,256]","[{""round"":1,""playerId"":1,""cardId"":""camp_3_1"",""coordinate"":null},{""round"":2,""playerId"":1,""cardId"":""camp_3_1"",""coordinate"":""C3-7""},{""round"":2,""playerId"":1,""cardId"":""camp_6_1"",""coordinate"":""J6""},{""round"":3,""playerId"":1,""cardId"":""camp_5_1"",""coordinate"":""H10""},{""round"":4,""playerId"":1,""cardId"":""camp_1_1"",""coordinate"":""C6""}]","[{""round"":1,""playerId"":1,""cardId"":""camp_3_1"",""coordinate"":""H10""},{""round"":2,""playerId"":1,""cardId"":""camp_6_1"",""coordinate"":""C3-7""},{""round"":4,""playerId"":1,""cardId"":""camp_1_1"",""coordinate"":""D10""}]"
validation-sky,f06f094,in_the_sky,4,hard-camps-validation-v1-11,2,256,256,0,0.5,0.5,0,0,"[199,241,256,256]","[199,241,256,256]","[{""round"":1,""playerId"":2,""cardId"":""camp_4_1"",""coordinate"":""G7""},{""round"":3,""playerId"":2,""cardId"":""camp_5_1"",""coordinate"":""A1""}]","[{""round"":1,""playerId"":2,""cardId"":""camp_4_1"",""coordinate"":""G7""},{""round"":3,""playerId"":2,""cardId"":""camp_5_1"",""coordinate"":""A1""}]"
validation-sky,f06f094,in_the_sky,4,hard-camps-validation-v1-11,3,256,256,0,0.5,0.5,0,0,"[199,241,256,256]","[199,241,256,256]",[],[]
validation-sky,f06f094,in_the_sky,4,hard-camps-validation-v1-12,0,210,210,0,0,0,0,0,"[210,198,222,174]","[210,198,222,174]","[{""round"":1,""playerId"":0,""cardId"":""camp_1_1"",""coordinate"":""F5""}]","[{""round"":1,""playerId"":0,""cardId"":""camp_1_1"",""coordinate"":""F5""}]"
validation-sky,f06f094,in_the_sky,4,hard-camps-validation-v1-12,1,232,198,38,1,0,0,0,"[218,232,205,178]","[210,198,222,174]","[{""round"":1,""playerId"":1,""cardId"":""camp_2_1"",""coordinate"":""J2""},{""round"":1,""playerId"":1,""cardId"":""camp_5_1"",""coordinate"":null},{""round"":2,""playerId"":1,""cardId"":""camp_5_1"",""coordinate"":""D10""}]","[{""round"":1,""playerId"":1,""cardId"":""camp_2_1"",""coordinate"":""J2""},{""round"":1,""playerId"":1,""cardId"":""camp_5_1"",""coordinate"":""J4""}]"
validation-sky,f06f094,in_the_sky,4,hard-camps-validation-v1-12,2,222,222,0,1,1,0,0,"[210,198,222,174]","[210,198,222,174]","[{""round"":1,""playerId"":2,""cardId"":""camp_6_1"",""coordinate"":""G7""},{""round"":4,""playerId"":2,""cardId"":""camp_3_1"",""coordinate"":""H9""}]","[{""round"":1,""playerId"":2,""cardId"":""camp_6_1"",""coordinate"":""G7""},{""round"":4,""playerId"":2,""cardId"":""camp_3_1"",""coordinate"":""H9""}]"
validation-sky,f06f094,in_the_sky,4,hard-camps-validation-v1-12,3,174,174,0,0,0,0,0,"[210,198,222,174]","[210,198,222,174]",[],[]
validation-sky,f06f094,in_the_sky,4,hard-camps-validation-v1-13,0,265,265,0,1,1,0,0,"[265,159,207,185]","[265,159,207,185]","[{""round"":2,""playerId"":0,""cardId"":""camp_4_1"",""coordinate"":""C5-3""},{""round"":4,""playerId"":0,""cardId"":""camp_5_1"",""coordinate"":""B1""}]","[{""round"":2,""playerId"":0,""cardId"":""camp_4_1"",""coordinate"":""C5-3""},{""round"":4,""playerId"":0,""cardId"":""camp_5_1"",""coordinate"":""B1""}]"
validation-sky,f06f094,in_the_sky,4,hard-camps-validation-v1-13,1,162,159,9,0,0,0,0,"[259,162,196,188]","[265,159,207,185]","[{""round"":1,""playerId"":1,""cardId"":""camp_1_1"",""coordinate"":""D10""},{""round"":3,""playerId"":1,""cardId"":""camp_3_1"",""coordinate"":null},{""round"":4,""playerId"":1,""cardId"":""camp_3_1"",""coordinate"":""J6""}]","[{""round"":1,""playerId"":1,""cardId"":""camp_1_1"",""coordinate"":""D10""},{""round"":3,""playerId"":1,""cardId"":""camp_3_1"",""coordinate"":""C3-5""},{""round"":4,""playerId"":1,""cardId"":""camp_2_1"",""coordinate"":""G1""}]"
validation-sky,f06f094,in_the_sky,4,hard-camps-validation-v1-13,2,207,207,0,0,0,0,0,"[265,159,207,185]","[265,159,207,185]",[],[]
validation-sky,f06f094,in_the_sky,4,hard-camps-validation-v1-13,3,166,185,-28,0,0,0,0,"[274,212,204,166]","[265,159,207,185]","[{""round"":1,""playerId"":3,""cardId"":""camp_6_1"",""coordinate"":null},{""round"":2,""playerId"":3,""cardId"":""camp_6_1"",""coordinate"":""H2""}]","[{""round"":1,""playerId"":3,""cardId"":""camp_6_1"",""coordinate"":""F1""}]"
validation-sky,f06f094,in_the_sky,4,hard-camps-validation-v1-14,0,232,232,0,0,0,0,0,"[232,310,186,231]","[232,310,186,231]","[{""round"":2,""playerId"":0,""cardId"":""camp_5_1"",""coordinate"":""F5""},{""round"":3,""playerId"":0,""cardId"":""camp_6_1"",""coordinate"":""C3-7""}]","[{""round"":2,""playerId"":0,""cardId"":""camp_5_1"",""coordinate"":""F5""},{""round"":3,""playerId"":0,""cardId"":""camp_6_1"",""coordinate"":""C3-7""}]"
validation-sky,f06f094,in_the_sky,4,hard-camps-validation-v1-14,1,310,310,0,1,1,0,0,"[232,310,186,231]","[232,310,186,231]","[{""round"":3,""playerId"":1,""cardId"":""camp_2_1"",""coordinate"":""C4-2""},{""round"":4,""playerId"":1,""cardId"":""camp_3_1"",""coordinate"":""J9""}]","[{""round"":3,""playerId"":1,""cardId"":""camp_2_1"",""coordinate"":""C4-2""},{""round"":4,""playerId"":1,""cardId"":""camp_3_1"",""coordinate"":""J9""}]"
validation-sky,f06f094,in_the_sky,4,hard-camps-validation-v1-14,2,186,186,0,0,0,0,0,"[232,310,186,231]","[232,310,186,231]",[],[]
validation-sky,f06f094,in_the_sky,4,hard-camps-validation-v1-14,3,231,231,0,0,0,0,0,"[232,310,186,231]","[232,310,186,231]","[{""round"":3,""playerId"":3,""cardId"":""camp_1_1"",""coordinate"":""J6""},{""round"":3,""playerId"":3,""cardId"":""camp_4_1"",""coordinate"":""B10""}]","[{""round"":3,""playerId"":3,""cardId"":""camp_1_1"",""coordinate"":""J6""},{""round"":3,""playerId"":3,""cardId"":""camp_4_1"",""coordinate"":""B10""}]"
validation-sky,f06f094,in_the_sky,4,hard-camps-validation-v1-15,0,284,284,0,1,1,0,0,"[284,196,185,252]","[284,196,185,252]","[{""round"":3,""playerId"":0,""cardId"":""camp_3_1"",""coordinate"":""F4""},{""round"":4,""playerId"":0,""cardId"":""camp_1_1"",""coordinate"":""C2""}]","[{""round"":3,""playerId"":0,""cardId"":""camp_3_1"",""coordinate"":""F4""},{""round"":4,""playerId"":0,""cardId"":""camp_1_1"",""coordinate"":""C2""}]"
validation-sky,f06f094,in_the_sky,4,hard-camps-validation-v1-15,1,196,196,0,0,0,0,0,"[284,196,185,252]","[284,196,185,252]","[{""round"":3,""playerId"":1,""cardId"":""camp_4_1"",""coordinate"":""C1-2""}]","[{""round"":3,""playerId"":1,""cardId"":""camp_4_1"",""coordinate"":""C1-2""}]"
validation-sky,f06f094,in_the_sky,4,hard-camps-validation-v1-15,2,185,185,0,0,0,0,0,"[284,196,185,252]","[284,196,185,252]","[{""round"":1,""playerId"":2,""cardId"":""camp_6_1"",""coordinate"":""A7""},{""round"":4,""playerId"":2,""cardId"":""camp_2_1"",""coordinate"":""I10""}]","[{""round"":1,""playerId"":2,""cardId"":""camp_6_1"",""coordinate"":""A7""},{""round"":4,""playerId"":2,""cardId"":""camp_2_1"",""coordinate"":""I10""}]"
validation-sky,f06f094,in_the_sky,4,hard-camps-validation-v1-15,3,252,252,0,0,0,0,0,"[284,196,185,252]","[284,196,185,252]","[{""round"":2,""playerId"":3,""cardId"":""camp_5_1"",""coordinate"":""J7""}]","[{""round"":2,""playerId"":3,""cardId"":""camp_5_1"",""coordinate"":""J7""}]"
validation-sky,f06f094,in_the_sky,4,hard-camps-validation-v1-16,0,205,205,0,0,0,0,0,"[205,181,238,260]","[205,181,238,260]","[{""round"":2,""playerId"":0,""cardId"":""camp_3_1"",""coordinate"":""D4""},{""round"":3,""playerId"":0,""cardId"":""camp_1_1"",""coordinate"":""E3""},{""round"":3,""playerId"":0,""cardId"":""camp_5_1"",""coordinate"":""F4""}]","[{""round"":2,""playerId"":0,""cardId"":""camp_3_1"",""coordinate"":""D4""},{""round"":3,""playerId"":0,""cardId"":""camp_1_1"",""coordinate"":""E3""},{""round"":3,""playerId"":0,""cardId"":""camp_5_1"",""coordinate"":""F4""}]"
validation-sky,f06f094,in_the_sky,4,hard-camps-validation-v1-16,1,181,181,0,0,0,0,0,"[205,181,238,260]","[205,181,238,260]",[],[]
validation-sky,f06f094,in_the_sky,4,hard-camps-validation-v1-16,2,238,238,0,0,0,0,0,"[205,181,238,260]","[205,181,238,260]","[{""round"":2,""playerId"":2,""cardId"":""camp_6_1"",""coordinate"":""C4-2""}]","[{""round"":2,""playerId"":2,""cardId"":""camp_6_1"",""coordinate"":""C4-2""}]"
validation-sky,f06f094,in_the_sky,4,hard-camps-validation-v1-16,3,260,260,0,1,1,0,0,"[205,181,238,260]","[205,181,238,260]","[{""round"":2,""playerId"":3,""cardId"":""camp_2_1"",""coordinate"":""A8""}]","[{""round"":2,""playerId"":3,""cardId"":""camp_2_1"",""coordinate"":""A8""}]"
validation-sky,f06f094,in_the_sky,4,hard-camps-validation-v1-17,0,222,222,0,0,0,0,0,"[222,229,220,226]","[222,229,220,226]",[],[]
validation-sky,f06f094,in_the_sky,4,hard-camps-validation-v1-17,1,243,229,7,1,1,0,0,"[233,243,181,220]","[222,229,220,226]","[{""round"":1,""playerId"":1,""cardId"":""camp_4_1"",""coordinate"":""J6""},{""round"":1,""playerId"":1,""cardId"":""camp_6_1"",""coordinate"":null},{""round"":2,""playerId"":1,""cardId"":""camp_6_1"",""coordinate"":null},{""round"":3,""playerId"":1,""cardId"":""camp_6_1"",""coordinate"":""I6""}]","[{""round"":1,""playerId"":1,""cardId"":""camp_4_1"",""coordinate"":""J6""},{""round"":1,""playerId"":1,""cardId"":""camp_6_1"",""coordinate"":""C4-3""}]"
validation-sky,f06f094,in_the_sky,4,hard-camps-validation-v1-17,2,220,220,0,0,0,0,0,"[222,229,220,226]","[222,229,220,226]","[{""round"":3,""playerId"":2,""cardId"":""camp_1_1"",""coordinate"":""E3""}]","[{""round"":3,""playerId"":2,""cardId"":""camp_1_1"",""coordinate"":""E3""}]"
validation-sky,f06f094,in_the_sky,4,hard-camps-validation-v1-17,3,226,226,0,0,0,0,0,"[222,229,220,226]","[222,229,220,226]","[{""round"":3,""playerId"":3,""cardId"":""camp_2_1"",""coordinate"":""C7""}]","[{""round"":3,""playerId"":3,""cardId"":""camp_2_1"",""coordinate"":""C7""}]"
validation-sky,f06f094,in_the_sky,4,hard-camps-validation-v1-18,0,224,224,0,0,0,0,0,"[224,264,228,178]","[224,264,228,178]",[],[]
validation-sky,f06f094,in_the_sky,4,hard-camps-validation-v1-18,1,264,264,0,1,1,0,0,"[224,264,228,178]","[224,264,228,178]","[{""round"":4,""playerId"":1,""cardId"":""camp_5_1"",""coordinate"":""A2""},{""round"":4,""playerId"":1,""cardId"":""camp_6_1"",""coordinate"":""C3""}]","[{""round"":4,""playerId"":1,""cardId"":""camp_5_1"",""coordinate"":""A2""},{""round"":4,""playerId"":1,""cardId"":""camp_6_1"",""coordinate"":""C3""}]"
validation-sky,f06f094,in_the_sky,4,hard-camps-validation-v1-18,2,228,228,0,0,0,0,0,"[224,264,228,178]","[224,264,228,178]","[{""round"":3,""playerId"":2,""cardId"":""camp_4_1"",""coordinate"":""I4""}]","[{""round"":3,""playerId"":2,""cardId"":""camp_4_1"",""coordinate"":""I4""}]"
validation-sky,f06f094,in_the_sky,4,hard-camps-validation-v1-18,3,178,178,0,0,0,0,0,"[224,264,228,178]","[224,264,228,178]","[{""round"":1,""playerId"":3,""cardId"":""camp_1_1"",""coordinate"":""C5""},{""round"":2,""playerId"":3,""cardId"":""camp_2_1"",""coordinate"":""F6""},{""round"":4,""playerId"":3,""cardId"":""camp_3_1"",""coordinate"":""D10""}]","[{""round"":1,""playerId"":3,""cardId"":""camp_1_1"",""coordinate"":""C5""},{""round"":2,""playerId"":3,""cardId"":""camp_2_1"",""coordinate"":""F6""},{""round"":4,""playerId"":3,""cardId"":""camp_3_1"",""coordinate"":""D10""}]"
validation-sky,f06f094,in_the_sky,4,hard-camps-validation-v1-19,0,206,206,0,0,0,0,0,"[206,192,259,271]","[206,192,259,271]","[{""round"":1,""playerId"":0,""cardId"":""camp_1_1"",""coordinate"":""F9""},{""round"":4,""playerId"":0,""cardId"":""camp_4_1"",""coordinate"":""F7""}]","[{""round"":1,""playerId"":0,""cardId"":""camp_1_1"",""coordinate"":""F9""},{""round"":4,""playerId"":0,""cardId"":""camp_4_1"",""coordinate"":""F7""}]"
validation-sky,f06f094,in_the_sky,4,hard-camps-validation-v1-19,1,192,192,0,0,0,0,0,"[206,192,259,271]","[206,192,259,271]",[],[]
validation-sky,f06f094,in_the_sky,4,hard-camps-validation-v1-19,2,259,259,0,0,0,0,0,"[206,192,259,271]","[206,192,259,271]","[{""round"":3,""playerId"":2,""cardId"":""camp_6_1"",""coordinate"":""C5-7""}]","[{""round"":3,""playerId"":2,""cardId"":""camp_6_1"",""coordinate"":""C5-7""}]"
validation-sky,f06f094,in_the_sky,4,hard-camps-validation-v1-19,3,271,271,0,1,1,0,0,"[206,192,259,271]","[206,192,259,271]","[{""round"":3,""playerId"":3,""cardId"":""camp_5_1"",""coordinate"":""C4-2""}]","[{""round"":3,""playerId"":3,""cardId"":""camp_5_1"",""coordinate"":""C4-2""}]"
validation-sky,f06f094,in_the_sky,4,hard-camps-validation-v1-2,0,221,221,0,0,0,0,0,"[221,290,241,226]","[221,290,241,226]",[],[]
validation-sky,f06f094,in_the_sky,4,hard-camps-validation-v1-2,1,290,290,0,1,1,0,0,"[221,290,241,226]","[221,290,241,226]",[],[]
validation-sky,f06f094,in_the_sky,4,hard-camps-validation-v1-2,2,241,241,0,0,0,0,0,"[221,290,241,226]","[221,290,241,226]","[{""round"":1,""playerId"":2,""cardId"":""camp_1_1"",""coordinate"":""H4""},{""round"":1,""playerId"":2,""cardId"":""camp_6_1"",""coordinate"":""I4""}]","[{""round"":1,""playerId"":2,""cardId"":""camp_1_1"",""coordinate"":""H4""},{""round"":1,""playerId"":2,""cardId"":""camp_6_1"",""coordinate"":""I4""}]"
validation-sky,f06f094,in_the_sky,4,hard-camps-validation-v1-2,3,253,226,55,0,0,0,0,"[194,262,227,253]","[221,290,241,226]","[{""round"":1,""playerId"":3,""cardId"":""camp_3_1"",""coordinate"":null},{""round"":2,""playerId"":3,""cardId"":""camp_3_1"",""coordinate"":""D4""},{""round"":2,""playerId"":3,""cardId"":""camp_4_1"",""coordinate"":""C4""}]","[{""round"":1,""playerId"":3,""cardId"":""camp_3_1"",""coordinate"":""C5-3""},{""round"":2,""playerId"":3,""cardId"":""camp_4_1"",""coordinate"":""D4""}]"
validation-sky,f06f094,in_the_sky,4,hard-camps-validation-v1-3,0,213,213,0,0,0,0,0,"[213,251,217,161]","[213,251,217,161]",[],[]
validation-sky,f06f094,in_the_sky,4,hard-camps-validation-v1-3,1,277,251,-10,1,1,0,0,"[211,277,253,172]","[213,251,217,161]","[{""round"":3,""playerId"":1,""cardId"":""camp_3_1"",""coordinate"":null},{""round"":4,""playerId"":1,""cardId"":""camp_3_1"",""coordinate"":""C5-1""}]","[{""round"":3,""playerId"":1,""cardId"":""camp_3_1"",""coordinate"":""C4-3""}]"
validation-sky,f06f094,in_the_sky,4,hard-camps-validation-v1-3,2,217,217,0,0,0,0,0,"[213,251,217,161]","[213,251,217,161]","[{""round"":2,""playerId"":2,""cardId"":""camp_4_1"",""coordinate"":""D4""},{""round"":4,""playerId"":2,""cardId"":""camp_1_1"",""coordinate"":""E8""}]","[{""round"":2,""playerId"":2,""cardId"":""camp_4_1"",""coordinate"":""D4""},{""round"":4,""playerId"":2,""cardId"":""camp_1_1"",""coordinate"":""E8""}]"
validation-sky,f06f094,in_the_sky,4,hard-camps-validation-v1-3,3,161,161,0,0,0,0,0,"[213,251,217,161]","[213,251,217,161]","[{""round"":1,""playerId"":3,""cardId"":""camp_5_1"",""coordinate"":""H2""},{""round"":2,""playerId"":3,""cardId"":""camp_6_1"",""coordinate"":""J6""}]","[{""round"":1,""playerId"":3,""cardId"":""camp_5_1"",""coordinate"":""H2""},{""round"":2,""playerId"":3,""cardId"":""camp_6_1"",""coordinate"":""J6""}]"
validation-sky,f06f094,in_the_sky,4,hard-camps-validation-v1-4,0,266,266,0,1,1,0,0,"[266,265,190,179]","[266,265,190,179]",[],[]
validation-sky,f06f094,in_the_sky,4,hard-camps-validation-v1-4,1,265,265,0,0,0,0,0,"[266,265,190,179]","[266,265,190,179]",[],[]
validation-sky,f06f094,in_the_sky,4,hard-camps-validation-v1-4,2,190,190,0,0,0,0,0,"[266,265,190,179]","[266,265,190,179]","[{""round"":1,""playerId"":2,""cardId"":""camp_3_1"",""coordinate"":""A7""},{""round"":3,""playerId"":2,""cardId"":""camp_4_1"",""coordinate"":""E1""},{""round"":3,""playerId"":2,""cardId"":""camp_5_1"",""coordinate"":""J2""}]","[{""round"":1,""playerId"":2,""cardId"":""camp_3_1"",""coordinate"":""A7""},{""round"":3,""playerId"":2,""cardId"":""camp_4_1"",""coordinate"":""E1""},{""round"":3,""playerId"":2,""cardId"":""camp_5_1"",""coordinate"":""J2""}]"
validation-sky,f06f094,in_the_sky,4,hard-camps-validation-v1-4,3,179,179,0,0,0,0,0,"[266,265,190,179]","[266,265,190,179]","[{""round"":2,""playerId"":3,""cardId"":""camp_2_1"",""coordinate"":""J6""}]","[{""round"":2,""playerId"":3,""cardId"":""camp_2_1"",""coordinate"":""J6""}]"
validation-sky,f06f094,in_the_sky,4,hard-camps-validation-v1-5,0,244,244,0,0,0,0,0,"[244,204,208,245]","[244,204,208,245]","[{""round"":3,""playerId"":0,""cardId"":""camp_2_1"",""coordinate"":""C10""},{""round"":4,""playerId"":0,""cardId"":""camp_3_1"",""coordinate"":""G3""}]","[{""round"":3,""playerId"":0,""cardId"":""camp_2_1"",""coordinate"":""C10""},{""round"":4,""playerId"":0,""cardId"":""camp_3_1"",""coordinate"":""G3""}]"
validation-sky,f06f094,in_the_sky,4,hard-camps-validation-v1-5,1,204,204,0,0,0,0,0,"[244,204,208,245]","[244,204,208,245]","[{""round"":4,""playerId"":1,""cardId"":""camp_6_1"",""coordinate"":""A10""}]","[{""round"":4,""playerId"":1,""cardId"":""camp_6_1"",""coordinate"":""A10""}]"
validation-sky,f06f094,in_the_sky,4,hard-camps-validation-v1-5,2,187,208,-22,0,0,0,0,"[217,209,187,246]","[244,204,208,245]","[{""round"":1,""playerId"":2,""cardId"":""camp_1_1"",""coordinate"":null},{""round"":2,""playerId"":2,""cardId"":""camp_1_1"",""coordinate"":""I3""}]","[{""round"":1,""playerId"":2,""cardId"":""camp_1_1"",""coordinate"":""C4""},{""round"":4,""playerId"":2,""cardId"":""camp_5_1"",""coordinate"":""J8""}]"
validation-sky,f06f094,in_the_sky,4,hard-camps-validation-v1-5,3,245,245,0,1,1,0,0,"[244,204,208,245]","[244,204,208,245]","[{""round"":2,""playerId"":3,""cardId"":""camp_4_1"",""coordinate"":""E9""}]","[{""round"":2,""playerId"":3,""cardId"":""camp_4_1"",""coordinate"":""E9""}]"
validation-sky,f06f094,in_the_sky,4,hard-camps-validation-v1-6,0,220,220,0,0,0,0,0,"[220,193,369,196]","[220,193,369,196]","[{""round"":3,""playerId"":0,""cardId"":""camp_4_1"",""coordinate"":""J7""}]","[{""round"":3,""playerId"":0,""cardId"":""camp_4_1"",""coordinate"":""J7""}]"
validation-sky,f06f094,in_the_sky,4,hard-camps-validation-v1-6,1,193,193,0,0,0,0,0,"[220,193,369,196]","[220,193,369,196]","[{""round"":2,""playerId"":1,""cardId"":""camp_6_1"",""coordinate"":""C4-3""}]","[{""round"":2,""playerId"":1,""cardId"":""camp_6_1"",""coordinate"":""C4-3""}]"
validation-sky,f06f094,in_the_sky,4,hard-camps-validation-v1-6,2,369,369,0,1,1,0,0,"[220,193,369,196]","[220,193,369,196]","[{""round"":2,""playerId"":2,""cardId"":""camp_2_1"",""coordinate"":""C5-7""},{""round"":4,""playerId"":2,""cardId"":""camp_5_1"",""coordinate"":""D7""}]","[{""round"":2,""playerId"":2,""cardId"":""camp_2_1"",""coordinate"":""C5-7""},{""round"":4,""playerId"":2,""cardId"":""camp_5_1"",""coordinate"":""D7""}]"
validation-sky,f06f094,in_the_sky,4,hard-camps-validation-v1-6,3,196,196,0,0,0,0,0,"[220,193,369,196]","[220,193,369,196]","[{""round"":2,""playerId"":3,""cardId"":""camp_1_1"",""coordinate"":""I4""}]","[{""round"":2,""playerId"":3,""cardId"":""camp_1_1"",""coordinate"":""I4""}]"
validation-sky,f06f094,in_the_sky,4,hard-camps-validation-v1-7,0,297,297,0,1,1,0,0,"[297,205,186,193]","[297,205,186,193]","[{""round"":4,""playerId"":0,""cardId"":""camp_1_1"",""coordinate"":""C3-5""}]","[{""round"":4,""playerId"":0,""cardId"":""camp_1_1"",""coordinate"":""C3-5""}]"
validation-sky,f06f094,in_the_sky,4,hard-camps-validation-v1-7,1,205,205,0,0,0,0,0,"[297,205,186,193]","[297,205,186,193]","[{""round"":2,""playerId"":1,""cardId"":""camp_5_1"",""coordinate"":""C3-7""}]","[{""round"":2,""playerId"":1,""cardId"":""camp_5_1"",""coordinate"":""C3-7""}]"
validation-sky,f06f094,in_the_sky,4,hard-camps-validation-v1-7,2,186,186,0,0,0,0,0,"[297,205,186,193]","[297,205,186,193]","[{""round"":1,""playerId"":2,""cardId"":""camp_2_1"",""coordinate"":""A5""},{""round"":2,""playerId"":2,""cardId"":""camp_4_1"",""coordinate"":""I3""},{""round"":4,""playerId"":2,""cardId"":""camp_6_1"",""coordinate"":""B8""}]","[{""round"":1,""playerId"":2,""cardId"":""camp_2_1"",""coordinate"":""A5""},{""round"":2,""playerId"":2,""cardId"":""camp_4_1"",""coordinate"":""I3""},{""round"":4,""playerId"":2,""cardId"":""camp_6_1"",""coordinate"":""B8""}]"
validation-sky,f06f094,in_the_sky,4,hard-camps-validation-v1-7,3,193,193,0,0,0,0,0,"[297,205,186,193]","[297,205,186,193]","[{""round"":1,""playerId"":3,""cardId"":""camp_3_1"",""coordinate"":""A3""}]","[{""round"":1,""playerId"":3,""cardId"":""camp_3_1"",""coordinate"":""A3""}]"
validation-sky,f06f094,in_the_sky,4,hard-camps-validation-v1-8,0,240,240,0,1,1,0,0,"[240,184,193,213]","[240,184,193,213]","[{""round"":3,""playerId"":0,""cardId"":""camp_6_1"",""coordinate"":""F7""},{""round"":4,""playerId"":0,""cardId"":""camp_5_1"",""coordinate"":""A2""}]","[{""round"":3,""playerId"":0,""cardId"":""camp_6_1"",""coordinate"":""F7""},{""round"":4,""playerId"":0,""cardId"":""camp_5_1"",""coordinate"":""A2""}]"
validation-sky,f06f094,in_the_sky,4,hard-camps-validation-v1-8,1,184,184,0,0,0,0,0,"[240,184,193,213]","[240,184,193,213]","[{""round"":4,""playerId"":1,""cardId"":""camp_2_1"",""coordinate"":""C3-3""}]","[{""round"":4,""playerId"":1,""cardId"":""camp_2_1"",""coordinate"":""C3-3""}]"
validation-sky,f06f094,in_the_sky,4,hard-camps-validation-v1-8,2,193,193,0,0,0,0,0,"[240,184,193,213]","[240,184,193,213]",[],[]
validation-sky,f06f094,in_the_sky,4,hard-camps-validation-v1-8,3,213,213,0,0,0,0,0,"[240,184,193,213]","[240,184,193,213]","[{""round"":1,""playerId"":3,""cardId"":""camp_1_1"",""coordinate"":""J10""}]","[{""round"":1,""playerId"":3,""cardId"":""camp_1_1"",""coordinate"":""J10""}]"
validation-sky,f06f094,in_the_sky,4,hard-camps-validation-v1-9,0,256,256,0,0,0,0,0,"[256,310,202,195]","[256,310,202,195]",[],[]
validation-sky,f06f094,in_the_sky,4,hard-camps-validation-v1-9,1,266,310,-48,1,1,0,0,"[260,266,211,202]","[256,310,202,195]","[{""round"":1,""playerId"":1,""cardId"":""camp_4_1"",""coordinate"":""A8""},{""round"":2,""playerId"":1,""cardId"":""camp_5_1"",""coordinate"":null},{""round"":3,""playerId"":1,""cardId"":""camp_5_1"",""coordinate"":""C3-7""}]","[{""round"":1,""playerId"":1,""cardId"":""camp_4_1"",""coordinate"":""A8""},{""round"":2,""playerId"":1,""cardId"":""camp_5_1"",""coordinate"":""C4""}]"
validation-sky,f06f094,in_the_sky,4,hard-camps-validation-v1-9,2,251,202,45,0,0,0,0,"[252,314,251,196]","[256,310,202,195]","[{""round"":1,""playerId"":2,""cardId"":""camp_3_1"",""coordinate"":null},{""round"":2,""playerId"":2,""cardId"":""camp_3_1"",""coordinate"":""H10""},{""round"":2,""playerId"":2,""cardId"":""camp_5_1"",""coordinate"":""F4""}]","[{""round"":1,""playerId"":2,""cardId"":""camp_3_1"",""coordinate"":""E3""},{""round"":4,""playerId"":2,""cardId"":""camp_6_1"",""coordinate"":""B4""}]"
validation-sky,f06f094,in_the_sky,4,hard-camps-validation-v1-9,3,195,195,0,0,0,0,0,"[256,310,202,195]","[256,310,202,195]","[{""round"":2,""playerId"":3,""cardId"":""camp_2_1"",""coordinate"":""J6""}]","[{""round"":2,""playerId"":3,""cardId"":""camp_2_1"",""coordinate"":""J6""}]"
validation-sky,f06f094,in_the_sky,5,hard-camps-validation-v1-0,0,155,155,0,0,0,0,0,"[155,123,246,134,149]","[155,123,246,134,149]","[{""round"":1,""playerId"":0,""cardId"":""camp_2_1"",""coordinate"":""I10""},{""round"":4,""playerId"":0,""cardId"":""camp_4_1"",""coordinate"":""D1""}]","[{""round"":1,""playerId"":0,""cardId"":""camp_2_1"",""coordinate"":""I10""},{""round"":4,""playerId"":0,""cardId"":""camp_4_1"",""coordinate"":""D1""}]"
validation-sky,f06f094,in_the_sky,5,hard-camps-validation-v1-0,1,123,123,0,0,0,0,0,"[155,123,246,134,149]","[155,123,246,134,149]","[{""round"":2,""playerId"":1,""cardId"":""camp_1_1"",""coordinate"":""I4""},{""round"":2,""playerId"":1,""cardId"":""camp_5_1"",""coordinate"":""H5""}]","[{""round"":2,""playerId"":1,""cardId"":""camp_1_1"",""coordinate"":""I4""},{""round"":2,""playerId"":1,""cardId"":""camp_5_1"",""coordinate"":""H5""}]"
validation-sky,f06f094,in_the_sky,5,hard-camps-validation-v1-0,2,246,246,0,1,1,0,0,"[155,123,246,134,149]","[155,123,246,134,149]",[],[]
validation-sky,f06f094,in_the_sky,5,hard-camps-validation-v1-0,3,134,134,0,0,0,0,0,"[155,123,246,134,149]","[155,123,246,134,149]","[{""round"":3,""playerId"":3,""cardId"":""camp_3_1"",""coordinate"":""A3""},{""round"":3,""playerId"":3,""cardId"":""camp_6_1"",""coordinate"":""C3""}]","[{""round"":3,""playerId"":3,""cardId"":""camp_3_1"",""coordinate"":""A3""},{""round"":3,""playerId"":3,""cardId"":""camp_6_1"",""coordinate"":""C3""}]"
validation-sky,f06f094,in_the_sky,5,hard-camps-validation-v1-0,4,149,149,0,0,0,0,0,"[155,123,246,134,149]","[155,123,246,134,149]",[],[]
validation-sky,f06f094,in_the_sky,5,hard-camps-validation-v1-1,0,196,196,0,1,1,0,0,"[196,144,127,123,135]","[196,144,127,123,135]","[{""round"":2,""playerId"":0,""cardId"":""camp_5_1"",""coordinate"":""E8""}]","[{""round"":2,""playerId"":0,""cardId"":""camp_5_1"",""coordinate"":""E8""}]"
validation-sky,f06f094,in_the_sky,5,hard-camps-validation-v1-1,1,153,144,9,0,0,0,0,"[196,153,127,123,147]","[196,144,127,123,135]","[{""round"":3,""playerId"":1,""cardId"":""camp_4_1"",""coordinate"":null},{""round"":4,""playerId"":1,""cardId"":""camp_4_1"",""coordinate"":""H4""}]","[{""round"":3,""playerId"":1,""cardId"":""camp_4_1"",""coordinate"":""C7""}]"
validation-sky,f06f094,in_the_sky,5,hard-camps-validation-v1-1,2,127,127,0,0,0,0,0,"[196,144,127,123,135]","[196,144,127,123,135]",[],[]
validation-sky,f06f094,in_the_sky,5,hard-camps-validation-v1-1,3,123,123,0,0,0,0,0,"[196,144,127,123,135]","[196,144,127,123,135]","[{""round"":3,""playerId"":3,""cardId"":""camp_1_1"",""coordinate"":""I10""}]","[{""round"":3,""playerId"":3,""cardId"":""camp_1_1"",""coordinate"":""I10""}]"
validation-sky,f06f094,in_the_sky,5,hard-camps-validation-v1-1,4,135,135,0,0,0,0,0,"[196,144,127,123,135]","[196,144,127,123,135]","[{""round"":3,""playerId"":4,""cardId"":""camp_2_1"",""coordinate"":""F4""}]","[{""round"":3,""playerId"":4,""cardId"":""camp_2_1"",""coordinate"":""F4""}]"
validation-sky,f06f094,in_the_sky,5,hard-camps-validation-v1-10,0,190,190,0,1,1,0,0,"[190,177,105,143,127]","[190,177,105,143,127]","[{""round"":2,""playerId"":0,""cardId"":""camp_4_1"",""coordinate"":""H4""}]","[{""round"":2,""playerId"":0,""cardId"":""camp_4_1"",""coordinate"":""H4""}]"
validation-sky,f06f094,in_the_sky,5,hard-camps-validation-v1-10,1,177,177,0,0,0,0,0,"[190,177,105,143,127]","[190,177,105,143,127]","[{""round"":1,""playerId"":1,""cardId"":""camp_6_1"",""coordinate"":""E1""}]","[{""round"":1,""playerId"":1,""cardId"":""camp_6_1"",""coordinate"":""E1""}]"
validation-sky,f06f094,in_the_sky,5,hard-camps-validation-v1-10,2,105,105,0,0,0,0,0,"[190,177,105,143,127]","[190,177,105,143,127]","[{""round"":1,""playerId"":2,""cardId"":""camp_1_1"",""coordinate"":""C5-3""},{""round"":4,""playerId"":2,""cardId"":""camp_2_1"",""coordinate"":""C1-3""}]","[{""round"":1,""playerId"":2,""cardId"":""camp_1_1"",""coordinate"":""C5-3""},{""round"":4,""playerId"":2,""cardId"":""camp_2_1"",""coordinate"":""C1-3""}]"
validation-sky,f06f094,in_the_sky,5,hard-camps-validation-v1-10,3,143,143,0,0,0,0,0,"[190,177,105,143,127]","[190,177,105,143,127]",[],[]
validation-sky,f06f094,in_the_sky,5,hard-camps-validation-v1-10,4,127,127,0,0,0,0,0,"[190,177,105,143,127]","[190,177,105,143,127]","[{""round"":2,""playerId"":4,""cardId"":""camp_3_1"",""coordinate"":""D10""},{""round"":2,""playerId"":4,""cardId"":""camp_5_1"",""coordinate"":""B10""}]","[{""round"":2,""playerId"":4,""cardId"":""camp_3_1"",""coordinate"":""D10""},{""round"":2,""playerId"":4,""cardId"":""camp_5_1"",""coordinate"":""B10""}]"
validation-sky,f06f094,in_the_sky,5,hard-camps-validation-v1-11,0,155,155,0,0,0,0,0,"[155,151,120,127,162]","[155,151,120,127,162]","[{""round"":3,""playerId"":0,""cardId"":""camp_5_1"",""coordinate"":""A1""}]","[{""round"":3,""playerId"":0,""cardId"":""camp_5_1"",""coordinate"":""A1""}]"
validation-sky,f06f094,in_the_sky,5,hard-camps-validation-v1-11,1,171,151,19,1,0,0,0,"[160,171,123,148,163]","[155,151,120,127,162]","[{""round"":1,""playerId"":1,""cardId"":""camp_3_1"",""coordinate"":null},{""round"":2,""playerId"":1,""cardId"":""camp_3_1"",""coordinate"":""C3-7""},{""round"":2,""playerId"":1,""cardId"":""camp_6_1"",""coordinate"":null},{""round"":3,""playerId"":1,""cardId"":""camp_6_1"",""coordinate"":""D10""}]","[{""round"":1,""playerId"":1,""cardId"":""camp_3_1"",""coordinate"":""F9""},{""round"":2,""playerId"":1,""cardId"":""camp_6_1"",""coordinate"":""C3-7""}]"
validation-sky,f06f094,in_the_sky,5,hard-camps-validation-v1-11,2,120,120,0,0,0,0,0,"[155,151,120,127,162]","[155,151,120,127,162]",[],[]
validation-sky,f06f094,in_the_sky,5,hard-camps-validation-v1-11,3,127,127,0,0,0,0,0,"[155,151,120,127,162]","[155,151,120,127,162]","[{""round"":1,""playerId"":3,""cardId"":""camp_4_1"",""coordinate"":""C5-5""},{""round"":3,""playerId"":3,""cardId"":""camp_2_1"",""coordinate"":""F6""}]","[{""round"":1,""playerId"":3,""cardId"":""camp_4_1"",""coordinate"":""C5-5""},{""round"":3,""playerId"":3,""cardId"":""camp_2_1"",""coordinate"":""F6""}]"
validation-sky,f06f094,in_the_sky,5,hard-camps-validation-v1-11,4,162,162,0,1,1,0,0,"[155,151,120,127,162]","[155,151,120,127,162]","[{""round"":4,""playerId"":4,""cardId"":""camp_1_1"",""coordinate"":""D10""}]","[{""round"":4,""playerId"":4,""cardId"":""camp_1_1"",""coordinate"":""D10""}]"
validation-sky,f06f094,in_the_sky,5,hard-camps-validation-v1-12,0,161,161,0,0,0,0,0,"[161,168,159,129,181]","[161,168,159,129,181]","[{""round"":1,""playerId"":0,""cardId"":""camp_1_1"",""coordinate"":""E3""},{""round"":1,""playerId"":0,""cardId"":""camp_2_1"",""coordinate"":""H2""}]","[{""round"":1,""playerId"":0,""cardId"":""camp_1_1"",""coordinate"":""E3""},{""round"":1,""playerId"":0,""cardId"":""camp_2_1"",""coordinate"":""H2""}]"
validation-sky,f06f094,in_the_sky,5,hard-camps-validation-v1-12,1,168,168,0,0,0,0,0,"[161,168,159,129,181]","[161,168,159,129,181]","[{""round"":1,""playerId"":1,""cardId"":""camp_5_1"",""coordinate"":""A8""}]","[{""round"":1,""playerId"":1,""cardId"":""camp_5_1"",""coordinate"":""A8""}]"
validation-sky,f06f094,in_the_sky,5,hard-camps-validation-v1-12,2,159,159,0,0,0,0,0,"[161,168,159,129,181]","[161,168,159,129,181]","[{""round"":1,""playerId"":2,""cardId"":""camp_6_1"",""coordinate"":""I4""}]","[{""round"":1,""playerId"":2,""cardId"":""camp_6_1"",""coordinate"":""I4""}]"
validation-sky,f06f094,in_the_sky,5,hard-camps-validation-v1-12,3,129,129,0,0,0,0,0,"[161,168,159,129,181]","[161,168,159,129,181]","[{""round"":3,""playerId"":3,""cardId"":""camp_3_1"",""coordinate"":""J6""}]","[{""round"":3,""playerId"":3,""cardId"":""camp_3_1"",""coordinate"":""J6""}]"
validation-sky,f06f094,in_the_sky,5,hard-camps-validation-v1-12,4,181,181,0,1,1,0,0,"[161,168,159,129,181]","[161,168,159,129,181]",[],[]
validation-sky,f06f094,in_the_sky,5,hard-camps-validation-v1-13,0,167,167,0,0,0,0,0,"[167,110,140,155,168]","[167,110,140,155,168]","[{""round"":4,""playerId"":0,""cardId"":""camp_5_1"",""coordinate"":""J6""}]","[{""round"":4,""playerId"":0,""cardId"":""camp_5_1"",""coordinate"":""J6""}]"
validation-sky,f06f094,in_the_sky,5,hard-camps-validation-v1-13,1,110,110,0,0,0,0,0,"[167,110,140,155,168]","[167,110,140,155,168]","[{""round"":1,""playerId"":1,""cardId"":""camp_1_1"",""coordinate"":""F9""},{""round"":3,""playerId"":1,""cardId"":""camp_3_1"",""coordinate"":""A1""},{""round"":4,""playerId"":1,""cardId"":""camp_2_1"",""coordinate"":""B6""}]","[{""round"":1,""playerId"":1,""cardId"":""camp_1_1"",""coordinate"":""F9""},{""round"":3,""playerId"":1,""cardId"":""camp_3_1"",""coordinate"":""A1""},{""round"":4,""playerId"":1,""cardId"":""camp_2_1"",""coordinate"":""B6""}]"
validation-sky,f06f094,in_the_sky,5,hard-camps-validation-v1-13,2,140,140,0,0,0,0,0,"[167,110,140,155,168]","[167,110,140,155,168]",[],[]
validation-sky,f06f094,in_the_sky,5,hard-camps-validation-v1-13,3,155,155,0,0,0,0,0,"[167,110,140,155,168]","[167,110,140,155,168]",[],[]
validation-sky,f06f094,in_the_sky,5,hard-camps-validation-v1-13,4,168,168,0,1,1,0,0,"[167,110,140,155,168]","[167,110,140,155,168]","[{""round"":1,""playerId"":4,""cardId"":""camp_6_1"",""coordinate"":""C5-3""},{""round"":2,""playerId"":4,""cardId"":""camp_4_1"",""coordinate"":""F5""}]","[{""round"":1,""playerId"":4,""cardId"":""camp_6_1"",""coordinate"":""C5-3""},{""round"":2,""playerId"":4,""cardId"":""camp_4_1"",""coordinate"":""F5""}]"
validation-sky,f06f094,in_the_sky,5,hard-camps-validation-v1-14,0,177,177,0,1,1,0,0,"[177,156,102,153,149]","[177,156,102,153,149]",[],[]
validation-sky,f06f094,in_the_sky,5,hard-camps-validation-v1-14,1,156,156,0,0,0,0,0,"[177,156,102,153,149]","[177,156,102,153,149]",[],[]
validation-sky,f06f094,in_the_sky,5,hard-camps-validation-v1-14,2,102,102,0,0,0,0,0,"[177,156,102,153,149]","[177,156,102,153,149]","[{""round"":3,""playerId"":2,""cardId"":""camp_3_1"",""coordinate"":""B4""},{""round"":3,""playerId"":2,""cardId"":""camp_4_1"",""coordinate"":""B10""},{""round"":3,""playerId"":2,""cardId"":""camp_6_1"",""coordinate"":""I3""}]","[{""round"":3,""playerId"":2,""cardId"":""camp_3_1"",""coordinate"":""B4""},{""round"":3,""playerId"":2,""cardId"":""camp_4_1"",""coordinate"":""B10""},{""round"":3,""playerId"":2,""cardId"":""camp_6_1"",""coordinate"":""I3""}]"
validation-sky,f06f094,in_the_sky,5,hard-camps-validation-v1-14,3,153,153,0,0,0,0,0,"[177,156,102,153,149]","[177,156,102,153,149]","[{""round"":2,""playerId"":3,""cardId"":""camp_5_1"",""coordinate"":""I4""},{""round"":3,""playerId"":3,""cardId"":""camp_1_1"",""coordinate"":""A10""}]","[{""round"":2,""playerId"":3,""cardId"":""camp_5_1"",""coordinate"":""I4""},{""round"":3,""playerId"":3,""cardId"":""camp_1_1"",""coordinate"":""A10""}]"
validation-sky,f06f094,in_the_sky,5,hard-camps-validation-v1-14,4,149,149,0,0,0,0,0,"[177,156,102,153,149]","[177,156,102,153,149]","[{""round"":2,""playerId"":4,""cardId"":""camp_2_1"",""coordinate"":""J4""}]","[{""round"":2,""playerId"":4,""cardId"":""camp_2_1"",""coordinate"":""J4""}]"
validation-sky,f06f094,in_the_sky,5,hard-camps-validation-v1-15,0,162,162,0,1,1,0,0,"[162,140,122,134,147]","[162,140,122,134,147]","[{""round"":4,""playerId"":0,""cardId"":""camp_1_1"",""coordinate"":""A6""}]","[{""round"":4,""playerId"":0,""cardId"":""camp_1_1"",""coordinate"":""A6""}]"
validation-sky,f06f094,in_the_sky,5,hard-camps-validation-v1-15,1,140,140,0,0,0,0,0,"[162,140,122,134,147]","[162,140,122,134,147]","[{""round"":3,""playerId"":1,""cardId"":""camp_3_1"",""coordinate"":""E3""},{""round"":3,""playerId"":1,""cardId"":""camp_4_1"",""coordinate"":""C8""}]","[{""round"":3,""playerId"":1,""cardId"":""camp_3_1"",""coordinate"":""E3""},{""round"":3,""playerId"":1,""cardId"":""camp_4_1"",""coordinate"":""C8""}]"
validation-sky,f06f094,in_the_sky,5,hard-camps-validation-v1-15,2,122,122,0,0,0,0,0,"[162,140,122,134,147]","[162,140,122,134,147]","[{""round"":1,""playerId"":2,""cardId"":""camp_6_1"",""coordinate"":""A7""},{""round"":2,""playerId"":2,""cardId"":""camp_5_1"",""coordinate"":""D4""}]","[{""round"":1,""playerId"":2,""cardId"":""camp_6_1"",""coordinate"":""A7""},{""round"":2,""playerId"":2,""cardId"":""camp_5_1"",""coordinate"":""D4""}]"
validation-sky,f06f094,in_the_sky,5,hard-camps-validation-v1-15,3,134,134,0,0,0,0,0,"[162,140,122,134,147]","[162,140,122,134,147]",[],[]
validation-sky,f06f094,in_the_sky,5,hard-camps-validation-v1-15,4,147,147,0,0,0,0,0,"[162,140,122,134,147]","[162,140,122,134,147]","[{""round"":3,""playerId"":4,""cardId"":""camp_2_1"",""coordinate"":""J9""}]","[{""round"":3,""playerId"":4,""cardId"":""camp_2_1"",""coordinate"":""J9""}]"
validation-sky,f06f094,in_the_sky,5,hard-camps-validation-v1-16,0,96,96,0,0,0,0,0,"[96,115,138,194,191]","[96,115,138,194,191]","[{""round"":2,""playerId"":0,""cardId"":""camp_3_1"",""coordinate"":""D4""},{""round"":3,""playerId"":0,""cardId"":""camp_5_1"",""coordinate"":""E5""}]","[{""round"":2,""playerId"":0,""cardId"":""camp_3_1"",""coordinate"":""D4""},{""round"":3,""playerId"":0,""cardId"":""camp_5_1"",""coordinate"":""E5""}]"
validation-sky,f06f094,in_the_sky,5,hard-camps-validation-v1-16,1,115,115,0,0,0,0,0,"[96,115,138,194,191]","[96,115,138,194,191]","[{""round"":2,""playerId"":1,""cardId"":""camp_6_1"",""coordinate"":""G7""}]","[{""round"":2,""playerId"":1,""cardId"":""camp_6_1"",""coordinate"":""G7""}]"
validation-sky,f06f094,in_the_sky,5,hard-camps-validation-v1-16,2,138,138,0,0,0,0,0,"[96,115,138,194,191]","[96,115,138,194,191]",[],[]
validation-sky,f06f094,in_the_sky,5,hard-camps-validation-v1-16,3,194,194,0,1,1,0,0,"[96,115,138,194,191]","[96,115,138,194,191]","[{""round"":3,""playerId"":3,""cardId"":""camp_1_1"",""coordinate"":""C3-5""}]","[{""round"":3,""playerId"":3,""cardId"":""camp_1_1"",""coordinate"":""C3-5""}]"
validation-sky,f06f094,in_the_sky,5,hard-camps-validation-v1-16,4,191,191,0,0,0,0,0,"[96,115,138,194,191]","[96,115,138,194,191]","[{""round"":2,""playerId"":4,""cardId"":""camp_2_1"",""coordinate"":""A5""}]","[{""round"":2,""playerId"":4,""cardId"":""camp_2_1"",""coordinate"":""A5""}]"
validation-sky,f06f094,in_the_sky,5,hard-camps-validation-v1-17,0,201,201,0,1,1,0,0,"[201,104,104,166,138]","[201,104,104,166,138]",[],[]
validation-sky,f06f094,in_the_sky,5,hard-camps-validation-v1-17,1,104,104,0,0,0,0,0,"[201,104,104,166,138]","[201,104,104,166,138]","[{""round"":1,""playerId"":1,""cardId"":""camp_6_1"",""coordinate"":""D10""}]","[{""round"":1,""playerId"":1,""cardId"":""camp_6_1"",""coordinate"":""D10""}]"
validation-sky,f06f094,in_the_sky,5,hard-camps-validation-v1-17,2,104,104,0,0,0,0,0,"[201,104,104,166,138]","[201,104,104,166,138]",[],[]
validation-sky,f06f094,in_the_sky,5,hard-camps-validation-v1-17,3,166,166,0,0,0,0,0,"[201,104,104,166,138]","[201,104,104,166,138]","[{""round"":1,""playerId"":3,""cardId"":""camp_4_1"",""coordinate"":""C4""},{""round"":3,""playerId"":3,""cardId"":""camp_2_1"",""coordinate"":""D4""}]","[{""round"":1,""playerId"":3,""cardId"":""camp_4_1"",""coordinate"":""C4""},{""round"":3,""playerId"":3,""cardId"":""camp_2_1"",""coordinate"":""D4""}]"
validation-sky,f06f094,in_the_sky,5,hard-camps-validation-v1-17,4,138,138,0,0,0,0,0,"[201,104,104,166,138]","[201,104,104,166,138]","[{""round"":3,""playerId"":4,""cardId"":""camp_1_1"",""coordinate"":""C1-2""}]","[{""round"":3,""playerId"":4,""cardId"":""camp_1_1"",""coordinate"":""C1-2""}]"
validation-sky,f06f094,in_the_sky,5,hard-camps-validation-v1-18,0,148,148,0,0,0,0,0,"[148,134,120,176,137]","[148,134,120,176,137]","[{""round"":2,""playerId"":0,""cardId"":""camp_2_1"",""coordinate"":""C3-3""},{""round"":4,""playerId"":0,""cardId"":""camp_5_1"",""coordinate"":""C7""}]","[{""round"":2,""playerId"":0,""cardId"":""camp_2_1"",""coordinate"":""C3-3""},{""round"":4,""playerId"":0,""cardId"":""camp_5_1"",""coordinate"":""C7""}]"
validation-sky,f06f094,in_the_sky,5,hard-camps-validation-v1-18,1,134,134,0,0,0,0,0,"[148,134,120,176,137]","[148,134,120,176,137]",[],[]
validation-sky,f06f094,in_the_sky,5,hard-camps-validation-v1-18,2,120,120,0,0,0,0,0,"[148,134,120,176,137]","[148,134,120,176,137]","[{""round"":3,""playerId"":2,""cardId"":""camp_4_1"",""coordinate"":""D10""}]","[{""round"":3,""playerId"":2,""cardId"":""camp_4_1"",""coordinate"":""D10""}]"
validation-sky,f06f094,in_the_sky,5,hard-camps-validation-v1-18,3,176,176,0,1,1,0,0,"[148,134,120,176,137]","[148,134,120,176,137]","[{""round"":1,""playerId"":3,""cardId"":""camp_1_1"",""coordinate"":""A1""},{""round"":4,""playerId"":3,""cardId"":""camp_3_1"",""coordinate"":""C3-4""}]","[{""round"":1,""playerId"":3,""cardId"":""camp_1_1"",""coordinate"":""A1""},{""round"":4,""playerId"":3,""cardId"":""camp_3_1"",""coordinate"":""C3-4""}]"
validation-sky,f06f094,in_the_sky,5,hard-camps-validation-v1-18,4,137,137,0,0,0,0,0,"[148,134,120,176,137]","[148,134,120,176,137]","[{""round"":4,""playerId"":4,""cardId"":""camp_6_1"",""coordinate"":""H5""}]","[{""round"":4,""playerId"":4,""cardId"":""camp_6_1"",""coordinate"":""H5""}]"
validation-sky,f06f094,in_the_sky,5,hard-camps-validation-v1-19,0,118,118,0,0,0,0,0,"[118,135,142,159,148]","[118,135,142,159,148]","[{""round"":1,""playerId"":0,""cardId"":""camp_1_1"",""coordinate"":""A2""},{""round"":3,""playerId"":0,""cardId"":""camp_6_1"",""coordinate"":""F5""}]","[{""round"":1,""playerId"":0,""cardId"":""camp_1_1"",""coordinate"":""A2""},{""round"":3,""playerId"":0,""cardId"":""camp_6_1"",""coordinate"":""F5""}]"
validation-sky,f06f094,in_the_sky,5,hard-camps-validation-v1-19,1,135,135,0,0,0,0,0,"[118,135,142,159,148]","[118,135,142,159,148]","[{""round"":4,""playerId"":1,""cardId"":""camp_3_1"",""coordinate"":""A1""}]","[{""round"":4,""playerId"":1,""cardId"":""camp_3_1"",""coordinate"":""A1""}]"
validation-sky,f06f094,in_the_sky,5,hard-camps-validation-v1-19,2,142,142,0,0,0,0,0,"[118,135,142,159,148]","[118,135,142,159,148]","[{""round"":4,""playerId"":2,""cardId"":""camp_2_1"",""coordinate"":""B5""}]","[{""round"":4,""playerId"":2,""cardId"":""camp_2_1"",""coordinate"":""B5""}]"
validation-sky,f06f094,in_the_sky,5,hard-camps-validation-v1-19,3,159,159,0,1,1,0,0,"[118,135,142,159,148]","[118,135,142,159,148]","[{""round"":3,""playerId"":3,""cardId"":""camp_5_1"",""coordinate"":""D4""}]","[{""round"":3,""playerId"":3,""cardId"":""camp_5_1"",""coordinate"":""D4""}]"
validation-sky,f06f094,in_the_sky,5,hard-camps-validation-v1-19,4,148,148,0,0,0,0,0,"[118,135,142,159,148]","[118,135,142,159,148]","[{""round"":3,""playerId"":4,""cardId"":""camp_4_1"",""coordinate"":null},{""round"":4,""playerId"":4,""cardId"":""camp_4_1"",""coordinate"":""D7""}]","[{""round"":3,""playerId"":4,""cardId"":""camp_4_1"",""coordinate"":""D7""}]"
validation-sky,f06f094,in_the_sky,5,hard-camps-validation-v1-2,0,161,161,0,0.5,0.5,0,0,"[161,147,138,133,161]","[161,147,138,133,161]",[],[]
validation-sky,f06f094,in_the_sky,5,hard-camps-validation-v1-2,1,147,147,0,0,0,0,0,"[161,147,138,133,161]","[161,147,138,133,161]","[{""round"":1,""playerId"":1,""cardId"":""camp_1_1"",""coordinate"":""D10""},{""round"":2,""playerId"":1,""cardId"":""camp_4_1"",""coordinate"":""I10""}]","[{""round"":1,""playerId"":1,""cardId"":""camp_1_1"",""coordinate"":""D10""},{""round"":2,""playerId"":1,""cardId"":""camp_4_1"",""coordinate"":""I10""}]"
validation-sky,f06f094,in_the_sky,5,hard-camps-validation-v1-2,2,138,138,0,0,0,0,0,"[161,147,138,133,161]","[161,147,138,133,161]",[],[]
validation-sky,f06f094,in_the_sky,5,hard-camps-validation-v1-2,3,133,133,0,0,0,0,0,"[161,147,138,133,161]","[161,147,138,133,161]","[{""round"":1,""playerId"":3,""cardId"":""camp_6_1"",""coordinate"":""F4""}]","[{""round"":1,""playerId"":3,""cardId"":""camp_6_1"",""coordinate"":""F4""}]"
validation-sky,f06f094,in_the_sky,5,hard-camps-validation-v1-2,4,161,161,0,0.5,0.5,0,0,"[161,147,138,133,161]","[161,147,138,133,161]","[{""round"":1,""playerId"":4,""cardId"":""camp_3_1"",""coordinate"":""C5-3""}]","[{""round"":1,""playerId"":4,""cardId"":""camp_3_1"",""coordinate"":""C5-3""}]"
validation-sky,f06f094,in_the_sky,5,hard-camps-validation-v1-3,0,135,135,0,0,0,0,0,"[135,170,187,116,152]","[135,170,187,116,152]","[{""round"":4,""playerId"":0,""cardId"":""camp_1_1"",""coordinate"":""C5-1""}]","[{""round"":4,""playerId"":0,""cardId"":""camp_1_1"",""coordinate"":""C5-1""}]"
validation-sky,f06f094,in_the_sky,5,hard-camps-validation-v1-3,1,170,170,0,0,0,0,0,"[135,170,187,116,152]","[135,170,187,116,152]","[{""round"":2,""playerId"":1,""cardId"":""camp_4_1"",""coordinate"":""D10""}]","[{""round"":2,""playerId"":1,""cardId"":""camp_4_1"",""coordinate"":""D10""}]"
validation-sky,f06f094,in_the_sky,5,hard-camps-validation-v1-3,2,187,187,0,1,1,0,0,"[135,170,187,116,152]","[135,170,187,116,152]",[],[]
validation-sky,f06f094,in_the_sky,5,hard-camps-validation-v1-3,3,109,116,-7,0,0,0,0,"[120,179,187,109,152]","[135,170,187,116,152]","[{""round"":1,""playerId"":3,""cardId"":""camp_5_1"",""coordinate"":null},{""round"":2,""playerId"":3,""cardId"":""camp_5_1"",""coordinate"":""C5-7""},{""round"":2,""playerId"":3,""cardId"":""camp_6_1"",""coordinate"":""H2""}]","[{""round"":1,""playerId"":3,""cardId"":""camp_5_1"",""coordinate"":""C3-7""},{""round"":2,""playerId"":3,""cardId"":""camp_6_1"",""coordinate"":""H2""}]"
validation-sky,f06f094,in_the_sky,5,hard-camps-validation-v1-3,4,152,152,0,0,0,0,0,"[135,170,187,116,152]","[135,170,187,116,152]","[{""round"":3,""playerId"":4,""cardId"":""camp_3_1"",""coordinate"":""D4""}]","[{""round"":3,""playerId"":4,""cardId"":""camp_3_1"",""coordinate"":""D4""}]"
validation-sky,f06f094,in_the_sky,5,hard-camps-validation-v1-4,0,192,192,0,1,1,0,0,"[192,127,141,150,144]","[192,127,141,150,144]",[],[]
validation-sky,f06f094,in_the_sky,5,hard-camps-validation-v1-4,1,127,127,0,0,0,0,0,"[192,127,141,150,144]","[192,127,141,150,144]","[{""round"":1,""playerId"":1,""cardId"":""camp_3_1"",""coordinate"":""D10""}]","[{""round"":1,""playerId"":1,""cardId"":""camp_3_1"",""coordinate"":""D10""}]"
validation-sky,f06f094,in_the_sky,5,hard-camps-validation-v1-4,2,141,141,0,0,0,0,0,"[192,127,141,150,144]","[192,127,141,150,144]","[{""round"":3,""playerId"":2,""cardId"":""camp_4_1"",""coordinate"":""B5""},{""round"":4,""playerId"":2,""cardId"":""camp_6_1"",""coordinate"":""A2""}]","[{""round"":3,""playerId"":2,""cardId"":""camp_4_1"",""coordinate"":""B5""},{""round"":4,""playerId"":2,""cardId"":""camp_6_1"",""coordinate"":""A2""}]"
validation-sky,f06f094,in_the_sky,5,hard-camps-validation-v1-4,3,150,150,0,0,0,0,0,"[192,127,141,150,144]","[192,127,141,150,144]","[{""round"":3,""playerId"":3,""cardId"":""camp_5_1"",""coordinate"":""D4""}]","[{""round"":3,""playerId"":3,""cardId"":""camp_5_1"",""coordinate"":""D4""}]"
validation-sky,f06f094,in_the_sky,5,hard-camps-validation-v1-4,4,144,144,0,0,0,0,0,"[192,127,141,150,144]","[192,127,141,150,144]","[{""round"":2,""playerId"":4,""cardId"":""camp_2_1"",""coordinate"":""A7""}]","[{""round"":2,""playerId"":4,""cardId"":""camp_2_1"",""coordinate"":""A7""}]"
validation-sky,f06f094,in_the_sky,5,hard-camps-validation-v1-5,0,133,135,-39,0,0,0,0,"[133,168,186,134,220]","[135,147,180,133,183]","[{""round"":2,""playerId"":0,""cardId"":""camp_4_1"",""coordinate"":null},{""round"":3,""playerId"":0,""cardId"":""camp_4_1"",""coordinate"":null},{""round"":4,""playerId"":0,""cardId"":""camp_4_1"",""coordinate"":""A3""}]","[{""round"":2,""playerId"":0,""cardId"":""camp_4_1"",""coordinate"":""E1""},{""round"":4,""playerId"":0,""cardId"":""camp_5_1"",""coordinate"":""G3""}]"
validation-sky,f06f094,in_the_sky,5,hard-camps-validation-v1-5,1,147,147,0,0,0,0,0,"[135,147,180,133,183]","[135,147,180,133,183]",[],[]
validation-sky,f06f094,in_the_sky,5,hard-camps-validation-v1-5,2,180,180,0,0,0,0,0,"[135,147,180,133,183]","[135,147,180,133,183]",[],[]
validation-sky,f06f094,in_the_sky,5,hard-camps-validation-v1-5,3,133,133,0,0,0,0,0,"[135,147,180,133,183]","[135,147,180,133,183]","[{""round"":1,""playerId"":3,""cardId"":""camp_1_1"",""coordinate"":""A7""},{""round"":2,""playerId"":3,""cardId"":""camp_2_1"",""coordinate"":""I10""},{""round"":3,""playerId"":3,""cardId"":""camp_3_1"",""coordinate"":""A1""}]","[{""round"":1,""playerId"":3,""cardId"":""camp_1_1"",""coordinate"":""A7""},{""round"":2,""playerId"":3,""cardId"":""camp_2_1"",""coordinate"":""I10""},{""round"":3,""playerId"":3,""cardId"":""camp_3_1"",""coordinate"":""A1""}]"
validation-sky,f06f094,in_the_sky,5,hard-camps-validation-v1-5,4,183,183,0,1,1,0,0,"[135,147,180,133,183]","[135,147,180,133,183]","[{""round"":4,""playerId"":4,""cardId"":""camp_6_1"",""coordinate"":""C10""}]","[{""round"":4,""playerId"":4,""cardId"":""camp_6_1"",""coordinate"":""C10""}]"
validation-sky,f06f094,in_the_sky,5,hard-camps-validation-v1-6,0,142,142,0,0,0,0,0,"[142,145,104,185,147]","[142,145,104,185,147]",[],[]
validation-sky,f06f094,in_the_sky,5,hard-camps-validation-v1-6,1,145,145,0,0,0,0,0,"[142,145,104,185,147]","[142,145,104,185,147]","[{""round"":2,""playerId"":1,""cardId"":""camp_6_1"",""coordinate"":""A3""},{""round"":3,""playerId"":1,""cardId"":""camp_4_1"",""coordinate"":""C2-2""}]","[{""round"":2,""playerId"":1,""cardId"":""camp_6_1"",""coordinate"":""A3""},{""round"":3,""playerId"":1,""cardId"":""camp_4_1"",""coordinate"":""C2-2""}]"
validation-sky,f06f094,in_the_sky,5,hard-camps-validation-v1-6,2,104,104,0,0,0,0,0,"[142,145,104,185,147]","[142,145,104,185,147]",[],[]
validation-sky,f06f094,in_the_sky,5,hard-camps-validation-v1-6,3,185,185,0,1,1,0,0,"[142,145,104,185,147]","[142,145,104,185,147]","[{""round"":1,""playerId"":3,""cardId"":""camp_2_1"",""coordinate"":""F9""},{""round"":2,""playerId"":3,""cardId"":""camp_1_1"",""coordinate"":""C4-3""}]","[{""round"":1,""playerId"":3,""cardId"":""camp_2_1"",""coordinate"":""F9""},{""round"":2,""playerId"":3,""cardId"":""camp_1_1"",""coordinate"":""C4-3""}]"
validation-sky,f06f094,in_the_sky,5,hard-camps-validation-v1-6,4,147,147,0,0,0,0,0,"[142,145,104,185,147]","[142,145,104,185,147]","[{""round"":4,""playerId"":4,""cardId"":""camp_5_1"",""coordinate"":""C10""}]","[{""round"":4,""playerId"":4,""cardId"":""camp_5_1"",""coordinate"":""C10""}]"
validation-sky,f06f094,in_the_sky,5,hard-camps-validation-v1-7,0,103,103,0,0,0,0,0,"[103,173,111,128,146]","[103,173,111,128,146]","[{""round"":4,""playerId"":0,""cardId"":""camp_1_1"",""coordinate"":""B6""}]","[{""round"":4,""playerId"":0,""cardId"":""camp_1_1"",""coordinate"":""B6""}]"
validation-sky,f06f094,in_the_sky,5,hard-camps-validation-v1-7,1,173,173,0,1,1,0,0,"[103,173,111,128,146]","[103,173,111,128,146]","[{""round"":2,""playerId"":1,""cardId"":""camp_5_1"",""coordinate"":""C5-3""}]","[{""round"":2,""playerId"":1,""cardId"":""camp_5_1"",""coordinate"":""C5-3""}]"
validation-sky,f06f094,in_the_sky,5,hard-camps-validation-v1-7,2,111,111,0,0,0,0,0,"[103,173,111,128,146]","[103,173,111,128,146]","[{""round"":1,""playerId"":2,""cardId"":""camp_2_1"",""coordinate"":""A5""},{""round"":1,""playerId"":2,""cardId"":""camp_3_1"",""coordinate"":""D4""},{""round"":4,""playerId"":2,""cardId"":""camp_6_1"",""coordinate"":""C3-7""}]","[{""round"":1,""playerId"":2,""cardId"":""camp_2_1"",""coordinate"":""A5""},{""round"":1,""playerId"":2,""cardId"":""camp_3_1"",""coordinate"":""D4""},{""round"":4,""playerId"":2,""cardId"":""camp_6_1"",""coordinate"":""C3-7""}]"
validation-sky,f06f094,in_the_sky,5,hard-camps-validation-v1-7,3,128,128,0,0,0,0,0,"[103,173,111,128,146]","[103,173,111,128,146]","[{""round"":2,""playerId"":3,""cardId"":""camp_4_1"",""coordinate"":""I10""}]","[{""round"":2,""playerId"":3,""cardId"":""camp_4_1"",""coordinate"":""I10""}]"
validation-sky,f06f094,in_the_sky,5,hard-camps-validation-v1-7,4,146,146,0,0,0,0,0,"[103,173,111,128,146]","[103,173,111,128,146]",[],[]
validation-sky,f06f094,in_the_sky,5,hard-camps-validation-v1-8,0,158,158,0,0,0,0,0,"[158,154,152,166,136]","[158,154,152,166,136]","[{""round"":4,""playerId"":0,""cardId"":""camp_2_1"",""coordinate"":""E3""}]","[{""round"":4,""playerId"":0,""cardId"":""camp_2_1"",""coordinate"":""E3""}]"
validation-sky,f06f094,in_the_sky,5,hard-camps-validation-v1-8,1,154,154,0,0,0,0,0,"[158,154,152,166,136]","[158,154,152,166,136]",[],[]
validation-sky,f06f094,in_the_sky,5,hard-camps-validation-v1-8,2,152,152,0,0,0,0,0,"[158,154,152,166,136]","[158,154,152,166,136]","[{""round"":4,""playerId"":2,""cardId"":""camp_4_1"",""coordinate"":""D4""}]","[{""round"":4,""playerId"":2,""cardId"":""camp_4_1"",""coordinate"":""D4""}]"
validation-sky,f06f094,in_the_sky,5,hard-camps-validation-v1-8,3,166,166,0,1,1,0,0,"[158,154,152,166,136]","[158,154,152,166,136]","[{""round"":1,""playerId"":3,""cardId"":""camp_1_1"",""coordinate"":""A3""}]","[{""round"":1,""playerId"":3,""cardId"":""camp_1_1"",""coordinate"":""A3""}]"
validation-sky,f06f094,in_the_sky,5,hard-camps-validation-v1-8,4,136,136,0,0,0,0,0,"[158,154,152,166,136]","[158,154,152,166,136]","[{""round"":2,""playerId"":4,""cardId"":""camp_6_1"",""coordinate"":""F5""},{""round"":3,""playerId"":4,""cardId"":""camp_5_1"",""coordinate"":""A2""}]","[{""round"":2,""playerId"":4,""cardId"":""camp_6_1"",""coordinate"":""F5""},{""round"":3,""playerId"":4,""cardId"":""camp_5_1"",""coordinate"":""A2""}]"
validation-sky,f06f094,in_the_sky,5,hard-camps-validation-v1-9,0,173,173,0,0,0,0,0,"[173,320,162,195,136]","[173,320,162,195,136]","[{""round"":1,""playerId"":0,""cardId"":""camp_4_1"",""coordinate"":""A8""}]","[{""round"":1,""playerId"":0,""cardId"":""camp_4_1"",""coordinate"":""A8""}]"
validation-sky,f06f094,in_the_sky,5,hard-camps-validation-v1-9,1,320,320,0,1,1,0,0,"[173,320,162,195,136]","[173,320,162,195,136]","[{""round"":4,""playerId"":1,""cardId"":""camp_6_1"",""coordinate"":""D10""}]","[{""round"":4,""playerId"":1,""cardId"":""camp_6_1"",""coordinate"":""D10""}]"
validation-sky,f06f094,in_the_sky,5,hard-camps-validation-v1-9,2,162,162,0,0,0,0,0,"[173,320,162,195,136]","[173,320,162,195,136]","[{""round"":1,""playerId"":2,""cardId"":""camp_3_1"",""coordinate"":""E8""}]","[{""round"":1,""playerId"":2,""cardId"":""camp_3_1"",""coordinate"":""E8""}]"
validation-sky,f06f094,in_the_sky,5,hard-camps-validation-v1-9,3,195,195,0,0,0,0,0,"[173,320,162,195,136]","[173,320,162,195,136]","[{""round"":2,""playerId"":3,""cardId"":""camp_2_1"",""coordinate"":""J9""}]","[{""round"":2,""playerId"":3,""cardId"":""camp_2_1"",""coordinate"":""J9""}]"
validation-sky,f06f094,in_the_sky,5,hard-camps-validation-v1-9,4,136,136,0,0,0,0,0,"[173,320,162,195,136]","[173,320,162,195,136]","[{""round"":2,""playerId"":4,""cardId"":""camp_5_1"",""coordinate"":""B5""},{""round"":4,""playerId"":4,""cardId"":""camp_1_1"",""coordinate"":""H2""}]","[{""round"":2,""playerId"":4,""cardId"":""camp_5_1"",""coordinate"":""B5""},{""round"":4,""playerId"":4,""cardId"":""camp_1_1"",""coordinate"":""H2""}]"
